constituency_num,hour_of_day,day_of_week,cancel_rate,booking_count,driver_supply
9,0,0,0.5868,137,9
9,0,1,0.5868,137,9
9,0,2,0.5868,137,9
9,0,3,0.5868,137,9
9,0,4,0.5868,137,9
9,0,5,0.5575,137,9
9,0,6,0.5575,137,9
9,1,0,0.5868,137,9
9,1,1,0.5868,137,9
9,1,2,0.5868,137,9
9,1,3,0.5868,137,9
9,1,4,0.5868,137,9
9,1,5,0.5575,137,9
9,1,6,0.5575,137,9
9,2,0,0.5868,137,9
9,2,1,0.5868,137,9
9,2,2,0.5868,137,9
9,2,3,0.5868,137,9
9,2,4,0.5868,137,9
9,2,5,0.5575,137,9
9,2,6,0.5575,137,9
9,3,0,0.5868,137,9
9,3,1,0.5868,137,9
9,3,2,0.5868,137,9
9,3,3,0.5868,137,9
9,3,4,0.5868,137,9
9,3,5,0.5575,137,9
9,3,6,0.5575,137,9
9,4,0,0.5868,137,9
9,4,1,0.5868,137,9
9,4,2,0.5868,137,9
9,4,3,0.5868,137,9
9,4,4,0.5868,137,9
9,4,5,0.5575,137,9
9,4,6,0.5575,137,9
9,5,0,0.5868,137,9
9,5,1,0.5868,137,9
9,5,2,0.5868,137,9
9,5,3,0.5868,137,9
9,5,4,0.5868,137,9
9,5,5,0.5575,137,9
9,5,6,0.5575,137,9
9,6,0,0.5868,137,9
9,6,1,0.5868,137,9
9,6,2,0.5868,137,9
9,6,3,0.5868,137,9
9,6,4,0.5868,137,9
9,6,5,0.5575,137,9
9,6,6,0.5575,137,9
9,7,0,0.7628,137,9
9,7,1,0.7628,137,9
9,7,2,0.7628,137,9
9,7,3,0.7628,137,9
9,7,4,0.7628,137,9
9,7,5,0.7247,137,9
9,7,6,0.7247,137,9
9,8,0,0.8802,137,9
9,8,1,0.8802,137,9
9,8,2,0.8802,137,9
9,8,3,0.8802,137,9
9,8,4,0.8802,137,9
9,8,5,0.8362,137,9
9,8,6,0.8362,137,9
9,9,0,0.8802,137,9
9,9,1,0.8802,137,9
9,9,2,0.8802,137,9
9,9,3,0.8802,137,9
9,9,4,0.8802,137,9
9,9,5,0.8362,137,9
9,9,6,0.8362,137,9
9,10,0,0.7042,137,9
9,10,1,0.7042,137,9
9,10,2,0.7042,137,9
9,10,3,0.7042,137,9
9,10,4,0.7042,137,9
9,10,5,0.669,137,9
9,10,6,0.669,137,9
9,11,0,0.5868,137,9
9,11,1,0.5868,137,9
9,11,2,0.5868,137,9
9,11,3,0.5868,137,9
9,11,4,0.5868,137,9
9,11,5,0.5575,137,9
9,11,6,0.5575,137,9
9,12,0,0.5868,137,9
9,12,1,0.5868,137,9
9,12,2,0.5868,137,9
9,12,3,0.5868,137,9
9,12,4,0.5868,137,9
9,12,5,0.5575,137,9
9,12,6,0.5575,137,9
9,13,0,0.5868,137,9
9,13,1,0.5868,137,9
9,13,2,0.5868,137,9
9,13,3,0.5868,137,9
9,13,4,0.5868,137,9
9,13,5,0.5575,137,9
9,13,6,0.5575,137,9
9,14,0,0.5868,137,9
9,14,1,0.5868,137,9
9,14,2,0.5868,137,9
9,14,3,0.5868,137,9
9,14,4,0.5868,137,9
9,14,5,0.5575,137,9
9,14,6,0.5575,137,9
9,15,0,0.5868,137,9
9,15,1,0.5868,137,9
9,15,2,0.5868,137,9
9,15,3,0.5868,137,9
9,15,4,0.5868,137,9
9,15,5,0.5575,137,9
9,15,6,0.5575,137,9
9,16,0,0.5868,137,9
9,16,1,0.5868,137,9
9,16,2,0.5868,137,9
9,16,3,0.5868,137,9
9,16,4,0.5868,137,9
9,16,5,0.5575,137,9
9,16,6,0.5575,137,9
9,17,0,0.7042,137,9
9,17,1,0.7042,137,9
9,17,2,0.7042,137,9
9,17,3,0.7042,137,9
9,17,4,0.7042,137,9
9,17,5,0.669,137,9
9,17,6,0.669,137,9
9,18,0,0.8802,137,9
9,18,1,0.8802,137,9
9,18,2,0.8802,137,9
9,18,3,0.8802,137,9
9,18,4,0.8802,137,9
9,18,5,0.8362,137,9
9,18,6,0.8362,137,9
9,19,0,0.8802,137,9
9,19,1,0.8802,137,9
9,19,2,0.8802,137,9
9,19,3,0.8802,137,9
9,19,4,0.8802,137,9
9,19,5,0.8362,137,9
9,19,6,0.8362,137,9
9,20,0,0.7628,137,9
9,20,1,0.7628,137,9
9,20,2,0.7628,137,9
9,20,3,0.7628,137,9
9,20,4,0.7628,137,9
9,20,5,0.7247,137,9
9,20,6,0.7247,137,9
9,21,0,0.5868,137,9
9,21,1,0.5868,137,9
9,21,2,0.5868,137,9
9,21,3,0.5868,137,9
9,21,4,0.5868,137,9
9,21,5,0.5575,137,9
9,21,6,0.5575,137,9
9,22,0,0.5868,137,9
9,22,1,0.5868,137,9
9,22,2,0.5868,137,9
9,22,3,0.5868,137,9
9,22,4,0.5868,137,9
9,22,5,0.5575,137,9
9,22,6,0.5575,137,9
9,23,0,0.5868,137,9
9,23,1,0.5868,137,9
9,23,2,0.5868,137,9
9,23,3,0.5868,137,9
9,23,4,0.5868,137,9
9,23,5,0.5575,137,9
9,23,6,0.5575,137,9
10,0,0,0.5641,81,9
10,0,1,0.5641,81,9
10,0,2,0.5641,81,9
10,0,3,0.5641,81,9
10,0,4,0.5641,81,9
10,0,5,0.5359,81,9
10,0,6,0.5359,81,9
10,1,0,0.5641,81,9
10,1,1,0.5641,81,9
10,1,2,0.5641,81,9
10,1,3,0.5641,81,9
10,1,4,0.5641,81,9
10,1,5,0.5359,81,9
10,1,6,0.5359,81,9
10,2,0,0.5641,81,9
10,2,1,0.5641,81,9
10,2,2,0.5641,81,9
10,2,3,0.5641,81,9
10,2,4,0.5641,81,9
10,2,5,0.5359,81,9
10,2,6,0.5359,81,9
10,3,0,0.5641,81,9
10,3,1,0.5641,81,9
10,3,2,0.5641,81,9
10,3,3,0.5641,81,9
10,3,4,0.5641,81,9
10,3,5,0.5359,81,9
10,3,6,0.5359,81,9
10,4,0,0.5641,81,9
10,4,1,0.5641,81,9
10,4,2,0.5641,81,9
10,4,3,0.5641,81,9
10,4,4,0.5641,81,9
10,4,5,0.5359,81,9
10,4,6,0.5359,81,9
10,5,0,0.5641,81,9
10,5,1,0.5641,81,9
10,5,2,0.5641,81,9
10,5,3,0.5641,81,9
10,5,4,0.5641,81,9
10,5,5,0.5359,81,9
10,5,6,0.5359,81,9
10,6,0,0.5641,81,9
10,6,1,0.5641,81,9
10,6,2,0.5641,81,9
10,6,3,0.5641,81,9
10,6,4,0.5641,81,9
10,6,5,0.5359,81,9
10,6,6,0.5359,81,9
10,7,0,0.7333,81,9
10,7,1,0.7333,81,9
10,7,2,0.7333,81,9
10,7,3,0.7333,81,9
10,7,4,0.7333,81,9
10,7,5,0.6967,81,9
10,7,6,0.6967,81,9
10,8,0,0.8462,81,9
10,8,1,0.8462,81,9
10,8,2,0.8462,81,9
10,8,3,0.8462,81,9
10,8,4,0.8462,81,9
10,8,5,0.8038,81,9
10,8,6,0.8038,81,9
10,9,0,0.8462,81,9
10,9,1,0.8462,81,9
10,9,2,0.8462,81,9
10,9,3,0.8462,81,9
10,9,4,0.8462,81,9
10,9,5,0.8038,81,9
10,9,6,0.8038,81,9
10,10,0,0.6769,81,9
10,10,1,0.6769,81,9
10,10,2,0.6769,81,9
10,10,3,0.6769,81,9
10,10,4,0.6769,81,9
10,10,5,0.6431,81,9
10,10,6,0.6431,81,9
10,11,0,0.5641,81,9
10,11,1,0.5641,81,9
10,11,2,0.5641,81,9
10,11,3,0.5641,81,9
10,11,4,0.5641,81,9
10,11,5,0.5359,81,9
10,11,6,0.5359,81,9
10,12,0,0.5641,81,9
10,12,1,0.5641,81,9
10,12,2,0.5641,81,9
10,12,3,0.5641,81,9
10,12,4,0.5641,81,9
10,12,5,0.5359,81,9
10,12,6,0.5359,81,9
10,13,0,0.5641,81,9
10,13,1,0.5641,81,9
10,13,2,0.5641,81,9
10,13,3,0.5641,81,9
10,13,4,0.5641,81,9
10,13,5,0.5359,81,9
10,13,6,0.5359,81,9
10,14,0,0.5641,81,9
10,14,1,0.5641,81,9
10,14,2,0.5641,81,9
10,14,3,0.5641,81,9
10,14,4,0.5641,81,9
10,14,5,0.5359,81,9
10,14,6,0.5359,81,9
10,15,0,0.5641,81,9
10,15,1,0.5641,81,9
10,15,2,0.5641,81,9
10,15,3,0.5641,81,9
10,15,4,0.5641,81,9
10,15,5,0.5359,81,9
10,15,6,0.5359,81,9
10,16,0,0.5641,81,9
10,16,1,0.5641,81,9
10,16,2,0.5641,81,9
10,16,3,0.5641,81,9
10,16,4,0.5641,81,9
10,16,5,0.5359,81,9
10,16,6,0.5359,81,9
10,17,0,0.6769,81,9
10,17,1,0.6769,81,9
10,17,2,0.6769,81,9
10,17,3,0.6769,81,9
10,17,4,0.6769,81,9
10,17,5,0.6431,81,9
10,17,6,0.6431,81,9
10,18,0,0.8462,81,9
10,18,1,0.8462,81,9
10,18,2,0.8462,81,9
10,18,3,0.8462,81,9
10,18,4,0.8462,81,9
10,18,5,0.8038,81,9
10,18,6,0.8038,81,9
10,19,0,0.8462,81,9
10,19,1,0.8462,81,9
10,19,2,0.8462,81,9
10,19,3,0.8462,81,9
10,19,4,0.8462,81,9
10,19,5,0.8038,81,9
10,19,6,0.8038,81,9
10,20,0,0.7333,81,9
10,20,1,0.7333,81,9
10,20,2,0.7333,81,9
10,20,3,0.7333,81,9
10,20,4,0.7333,81,9
10,20,5,0.6967,81,9
10,20,6,0.6967,81,9
10,21,0,0.5641,81,9
10,21,1,0.5641,81,9
10,21,2,0.5641,81,9
10,21,3,0.5641,81,9
10,21,4,0.5641,81,9
10,21,5,0.5359,81,9
10,21,6,0.5359,81,9
10,22,0,0.5641,81,9
10,22,1,0.5641,81,9
10,22,2,0.5641,81,9
10,22,3,0.5641,81,9
10,22,4,0.5641,81,9
10,22,5,0.5359,81,9
10,22,6,0.5359,81,9
10,23,0,0.5641,81,9
10,23,1,0.5641,81,9
10,23,2,0.5641,81,9
10,23,3,0.5641,81,9
10,23,4,0.5641,81,9
10,23,5,0.5359,81,9
10,23,6,0.5359,81,9
11,0,0,0.5429,42,2
11,0,1,0.5429,42,2
11,0,2,0.5429,42,2
11,0,3,0.5429,42,2
11,0,4,0.5429,42,2
11,0,5,0.5158,42,2
11,0,6,0.5158,42,2
11,1,0,0.5429,42,2
11,1,1,0.5429,42,2
11,1,2,0.5429,42,2
11,1,3,0.5429,42,2
11,1,4,0.5429,42,2
11,1,5,0.5158,42,2
11,1,6,0.5158,42,2
11,2,0,0.5429,42,2
11,2,1,0.5429,42,2
11,2,2,0.5429,42,2
11,2,3,0.5429,42,2
11,2,4,0.5429,42,2
11,2,5,0.5158,42,2
11,2,6,0.5158,42,2
11,3,0,0.5429,42,2
11,3,1,0.5429,42,2
11,3,2,0.5429,42,2
11,3,3,0.5429,42,2
11,3,4,0.5429,42,2
11,3,5,0.5158,42,2
11,3,6,0.5158,42,2
11,4,0,0.5429,42,2
11,4,1,0.5429,42,2
11,4,2,0.5429,42,2
11,4,3,0.5429,42,2
11,4,4,0.5429,42,2
11,4,5,0.5158,42,2
11,4,6,0.5158,42,2
11,5,0,0.5429,42,2
11,5,1,0.5429,42,2
11,5,2,0.5429,42,2
11,5,3,0.5429,42,2
11,5,4,0.5429,42,2
11,5,5,0.5158,42,2
11,5,6,0.5158,42,2
11,6,0,0.5429,42,2
11,6,1,0.5429,42,2
11,6,2,0.5429,42,2
11,6,3,0.5429,42,2
11,6,4,0.5429,42,2
11,6,5,0.5158,42,2
11,6,6,0.5158,42,2
11,7,0,0.7058,42,2
11,7,1,0.7058,42,2
11,7,2,0.7058,42,2
11,7,3,0.7058,42,2
11,7,4,0.7058,42,2
11,7,5,0.6705,42,2
11,7,6,0.6705,42,2
11,8,0,0.8144,42,2
11,8,1,0.8144,42,2
11,8,2,0.8144,42,2
11,8,3,0.8144,42,2
11,8,4,0.8144,42,2
11,8,5,0.7736,42,2
11,8,6,0.7736,42,2
11,9,0,0.8144,42,2
11,9,1,0.8144,42,2
11,9,2,0.8144,42,2
11,9,3,0.8144,42,2
11,9,4,0.8144,42,2
11,9,5,0.7736,42,2
11,9,6,0.7736,42,2
11,10,0,0.6515,42,2
11,10,1,0.6515,42,2
11,10,2,0.6515,42,2
11,10,3,0.6515,42,2
11,10,4,0.6515,42,2
11,10,5,0.6189,42,2
11,10,6,0.6189,42,2
11,11,0,0.5429,42,2
11,11,1,0.5429,42,2
11,11,2,0.5429,42,2
11,11,3,0.5429,42,2
11,11,4,0.5429,42,2
11,11,5,0.5158,42,2
11,11,6,0.5158,42,2
11,12,0,0.5429,42,2
11,12,1,0.5429,42,2
11,12,2,0.5429,42,2
11,12,3,0.5429,42,2
11,12,4,0.5429,42,2
11,12,5,0.5158,42,2
11,12,6,0.5158,42,2
11,13,0,0.5429,42,2
11,13,1,0.5429,42,2
11,13,2,0.5429,42,2
11,13,3,0.5429,42,2
11,13,4,0.5429,42,2
11,13,5,0.5158,42,2
11,13,6,0.5158,42,2
11,14,0,0.5429,42,2
11,14,1,0.5429,42,2
11,14,2,0.5429,42,2
11,14,3,0.5429,42,2
11,14,4,0.5429,42,2
11,14,5,0.5158,42,2
11,14,6,0.5158,42,2
11,15,0,0.5429,42,2
11,15,1,0.5429,42,2
11,15,2,0.5429,42,2
11,15,3,0.5429,42,2
11,15,4,0.5429,42,2
11,15,5,0.5158,42,2
11,15,6,0.5158,42,2
11,16,0,0.5429,42,2
11,16,1,0.5429,42,2
11,16,2,0.5429,42,2
11,16,3,0.5429,42,2
11,16,4,0.5429,42,2
11,16,5,0.5158,42,2
11,16,6,0.5158,42,2
11,17,0,0.6515,42,2
11,17,1,0.6515,42,2
11,17,2,0.6515,42,2
11,17,3,0.6515,42,2
11,17,4,0.6515,42,2
11,17,5,0.6189,42,2
11,17,6,0.6189,42,2
11,18,0,0.8144,42,2
11,18,1,0.8144,42,2
11,18,2,0.8144,42,2
11,18,3,0.8144,42,2
11,18,4,0.8144,42,2
11,18,5,0.7736,42,2
11,18,6,0.7736,42,2
11,19,0,0.8144,42,2
11,19,1,0.8144,42,2
11,19,2,0.8144,42,2
11,19,3,0.8144,42,2
11,19,4,0.8144,42,2
11,19,5,0.7736,42,2
11,19,6,0.7736,42,2
11,20,0,0.7058,42,2
11,20,1,0.7058,42,2
11,20,2,0.7058,42,2
11,20,3,0.7058,42,2
11,20,4,0.7058,42,2
11,20,5,0.6705,42,2
11,20,6,0.6705,42,2
11,21,0,0.5429,42,2
11,21,1,0.5429,42,2
11,21,2,0.5429,42,2
11,21,3,0.5429,42,2
11,21,4,0.5429,42,2
11,21,5,0.5158,42,2
11,21,6,0.5158,42,2
11,22,0,0.5429,42,2
11,22,1,0.5429,42,2
11,22,2,0.5429,42,2
11,22,3,0.5429,42,2
11,22,4,0.5429,42,2
11,22,5,0.5158,42,2
11,22,6,0.5158,42,2
11,23,0,0.5429,42,2
11,23,1,0.5429,42,2
11,23,2,0.5429,42,2
11,23,3,0.5429,42,2
11,23,4,0.5429,42,2
11,23,5,0.5158,42,2
11,23,6,0.5158,42,2
12,0,0,0.5973,42,2
12,0,1,0.5973,42,2
12,0,2,0.5973,42,2
12,0,3,0.5973,42,2
12,0,4,0.5973,42,2
12,0,5,0.5674,42,2
12,0,6,0.5674,42,2
12,1,0,0.5973,42,2
12,1,1,0.5973,42,2
12,1,2,0.5973,42,2
12,1,3,0.5973,42,2
12,1,4,0.5973,42,2
12,1,5,0.5674,42,2
12,1,6,0.5674,42,2
12,2,0,0.5973,42,2
12,2,1,0.5973,42,2
12,2,2,0.5973,42,2
12,2,3,0.5973,42,2
12,2,4,0.5973,42,2
12,2,5,0.5674,42,2
12,2,6,0.5674,42,2
12,3,0,0.5973,42,2
12,3,1,0.5973,42,2
12,3,2,0.5973,42,2
12,3,3,0.5973,42,2
12,3,4,0.5973,42,2
12,3,5,0.5674,42,2
12,3,6,0.5674,42,2
12,4,0,0.5973,42,2
12,4,1,0.5973,42,2
12,4,2,0.5973,42,2
12,4,3,0.5973,42,2
12,4,4,0.5973,42,2
12,4,5,0.5674,42,2
12,4,6,0.5674,42,2
12,5,0,0.5973,42,2
12,5,1,0.5973,42,2
12,5,2,0.5973,42,2
12,5,3,0.5973,42,2
12,5,4,0.5973,42,2
12,5,5,0.5674,42,2
12,5,6,0.5674,42,2
12,6,0,0.5973,42,2
12,6,1,0.5973,42,2
12,6,2,0.5973,42,2
12,6,3,0.5973,42,2
12,6,4,0.5973,42,2
12,6,5,0.5674,42,2
12,6,6,0.5674,42,2
12,7,0,0.7765,42,2
12,7,1,0.7765,42,2
12,7,2,0.7765,42,2
12,7,3,0.7765,42,2
12,7,4,0.7765,42,2
12,7,5,0.7377,42,2
12,7,6,0.7377,42,2
12,8,0,0.896,42,2
12,8,1,0.896,42,2
12,8,2,0.896,42,2
12,8,3,0.896,42,2
12,8,4,0.896,42,2
12,8,5,0.8512,42,2
12,8,6,0.8512,42,2
12,9,0,0.896,42,2
12,9,1,0.896,42,2
12,9,2,0.896,42,2
12,9,3,0.896,42,2
12,9,4,0.896,42,2
12,9,5,0.8512,42,2
12,9,6,0.8512,42,2
12,10,0,0.7168,42,2
12,10,1,0.7168,42,2
12,10,2,0.7168,42,2
12,10,3,0.7168,42,2
12,10,4,0.7168,42,2
12,10,5,0.6809,42,2
12,10,6,0.6809,42,2
12,11,0,0.5973,42,2
12,11,1,0.5973,42,2
12,11,2,0.5973,42,2
12,11,3,0.5973,42,2
12,11,4,0.5973,42,2
12,11,5,0.5674,42,2
12,11,6,0.5674,42,2
12,12,0,0.5973,42,2
12,12,1,0.5973,42,2
12,12,2,0.5973,42,2
12,12,3,0.5973,42,2
12,12,4,0.5973,42,2
12,12,5,0.5674,42,2
12,12,6,0.5674,42,2
12,13,0,0.5973,42,2
12,13,1,0.5973,42,2
12,13,2,0.5973,42,2
12,13,3,0.5973,42,2
12,13,4,0.5973,42,2
12,13,5,0.5674,42,2
12,13,6,0.5674,42,2
12,14,0,0.5973,42,2
12,14,1,0.5973,42,2
12,14,2,0.5973,42,2
12,14,3,0.5973,42,2
12,14,4,0.5973,42,2
12,14,5,0.5674,42,2
12,14,6,0.5674,42,2
12,15,0,0.5973,42,2
12,15,1,0.5973,42,2
12,15,2,0.5973,42,2
12,15,3,0.5973,42,2
12,15,4,0.5973,42,2
12,15,5,0.5674,42,2
12,15,6,0.5674,42,2
12,16,0,0.5973,42,2
12,16,1,0.5973,42,2
12,16,2,0.5973,42,2
12,16,3,0.5973,42,2
12,16,4,0.5973,42,2
12,16,5,0.5674,42,2
12,16,6,0.5674,42,2
12,17,0,0.7168,42,2
12,17,1,0.7168,42,2
12,17,2,0.7168,42,2
12,17,3,0.7168,42,2
12,17,4,0.7168,42,2
12,17,5,0.6809,42,2
12,17,6,0.6809,42,2
12,18,0,0.896,42,2
12,18,1,0.896,42,2
12,18,2,0.896,42,2
12,18,3,0.896,42,2
12,18,4,0.896,42,2
12,18,5,0.8512,42,2
12,18,6,0.8512,42,2
12,19,0,0.896,42,2
12,19,1,0.896,42,2
12,19,2,0.896,42,2
12,19,3,0.896,42,2
12,19,4,0.896,42,2
12,19,5,0.8512,42,2
12,19,6,0.8512,42,2
12,20,0,0.7765,42,2
12,20,1,0.7765,42,2
12,20,2,0.7765,42,2
12,20,3,0.7765,42,2
12,20,4,0.7765,42,2
12,20,5,0.7377,42,2
12,20,6,0.7377,42,2
12,21,0,0.5973,42,2
12,21,1,0.5973,42,2
12,21,2,0.5973,42,2
12,21,3,0.5973,42,2
12,21,4,0.5973,42,2
12,21,5,0.5674,42,2
12,21,6,0.5674,42,2
12,22,0,0.5973,42,2
12,22,1,0.5973,42,2
12,22,2,0.5973,42,2
12,22,3,0.5973,42,2
12,22,4,0.5973,42,2
12,22,5,0.5674,42,2
12,22,6,0.5674,42,2
12,23,0,0.5973,42,2
12,23,1,0.5973,42,2
12,23,2,0.5973,42,2
12,23,3,0.5973,42,2
12,23,4,0.5973,42,2
12,23,5,0.5674,42,2
12,23,6,0.5674,42,2
13,0,0,0.5807,32,8
13,0,1,0.5807,32,8
13,0,2,0.5807,32,8
13,0,3,0.5807,32,8
13,0,4,0.5807,32,8
13,0,5,0.5517,32,8
13,0,6,0.5517,32,8
13,1,0,0.5807,32,8
13,1,1,0.5807,32,8
13,1,2,0.5807,32,8
13,1,3,0.5807,32,8
13,1,4,0.5807,32,8
13,1,5,0.5517,32,8
13,1,6,0.5517,32,8
13,2,0,0.5807,32,8
13,2,1,0.5807,32,8
13,2,2,0.5807,32,8
13,2,3,0.5807,32,8
13,2,4,0.5807,32,8
13,2,5,0.5517,32,8
13,2,6,0.5517,32,8
13,3,0,0.5807,32,8
13,3,1,0.5807,32,8
13,3,2,0.5807,32,8
13,3,3,0.5807,32,8
13,3,4,0.5807,32,8
13,3,5,0.5517,32,8
13,3,6,0.5517,32,8
13,4,0,0.5807,32,8
13,4,1,0.5807,32,8
13,4,2,0.5807,32,8
13,4,3,0.5807,32,8
13,4,4,0.5807,32,8
13,4,5,0.5517,32,8
13,4,6,0.5517,32,8
13,5,0,0.5807,32,8
13,5,1,0.5807,32,8
13,5,2,0.5807,32,8
13,5,3,0.5807,32,8
13,5,4,0.5807,32,8
13,5,5,0.5517,32,8
13,5,6,0.5517,32,8
13,6,0,0.5807,32,8
13,6,1,0.5807,32,8
13,6,2,0.5807,32,8
13,6,3,0.5807,32,8
13,6,4,0.5807,32,8
13,6,5,0.5517,32,8
13,6,6,0.5517,32,8
13,7,0,0.7549,32,8
13,7,1,0.7549,32,8
13,7,2,0.7549,32,8
13,7,3,0.7549,32,8
13,7,4,0.7549,32,8
13,7,5,0.7172,32,8
13,7,6,0.7172,32,8
13,8,0,0.871,32,8
13,8,1,0.871,32,8
13,8,2,0.871,32,8
13,8,3,0.871,32,8
13,8,4,0.871,32,8
13,8,5,0.8275,32,8
13,8,6,0.8275,32,8
13,9,0,0.871,32,8
13,9,1,0.871,32,8
13,9,2,0.871,32,8
13,9,3,0.871,32,8
13,9,4,0.871,32,8
13,9,5,0.8275,32,8
13,9,6,0.8275,32,8
13,10,0,0.6968,32,8
13,10,1,0.6968,32,8
13,10,2,0.6968,32,8
13,10,3,0.6968,32,8
13,10,4,0.6968,32,8
13,10,5,0.662,32,8
13,10,6,0.662,32,8
13,11,0,0.5807,32,8
13,11,1,0.5807,32,8
13,11,2,0.5807,32,8
13,11,3,0.5807,32,8
13,11,4,0.5807,32,8
13,11,5,0.5517,32,8
13,11,6,0.5517,32,8
13,12,0,0.5807,32,8
13,12,1,0.5807,32,8
13,12,2,0.5807,32,8
13,12,3,0.5807,32,8
13,12,4,0.5807,32,8
13,12,5,0.5517,32,8
13,12,6,0.5517,32,8
13,13,0,0.5807,32,8
13,13,1,0.5807,32,8
13,13,2,0.5807,32,8
13,13,3,0.5807,32,8
13,13,4,0.5807,32,8
13,13,5,0.5517,32,8
13,13,6,0.5517,32,8
13,14,0,0.5807,32,8
13,14,1,0.5807,32,8
13,14,2,0.5807,32,8
13,14,3,0.5807,32,8
13,14,4,0.5807,32,8
13,14,5,0.5517,32,8
13,14,6,0.5517,32,8
13,15,0,0.5807,32,8
13,15,1,0.5807,32,8
13,15,2,0.5807,32,8
13,15,3,0.5807,32,8
13,15,4,0.5807,32,8
13,15,5,0.5517,32,8
13,15,6,0.5517,32,8
13,16,0,0.5807,32,8
13,16,1,0.5807,32,8
13,16,2,0.5807,32,8
13,16,3,0.5807,32,8
13,16,4,0.5807,32,8
13,16,5,0.5517,32,8
13,16,6,0.5517,32,8
13,17,0,0.6968,32,8
13,17,1,0.6968,32,8
13,17,2,0.6968,32,8
13,17,3,0.6968,32,8
13,17,4,0.6968,32,8
13,17,5,0.662,32,8
13,17,6,0.662,32,8
13,18,0,0.871,32,8
13,18,1,0.871,32,8
13,18,2,0.871,32,8
13,18,3,0.871,32,8
13,18,4,0.871,32,8
13,18,5,0.8275,32,8
13,18,6,0.8275,32,8
13,19,0,0.871,32,8
13,19,1,0.871,32,8
13,19,2,0.871,32,8
13,19,3,0.871,32,8
13,19,4,0.871,32,8
13,19,5,0.8275,32,8
13,19,6,0.8275,32,8
13,20,0,0.7549,32,8
13,20,1,0.7549,32,8
13,20,2,0.7549,32,8
13,20,3,0.7549,32,8
13,20,4,0.7549,32,8
13,20,5,0.7172,32,8
13,20,6,0.7172,32,8
13,21,0,0.5807,32,8
13,21,1,0.5807,32,8
13,21,2,0.5807,32,8
13,21,3,0.5807,32,8
13,21,4,0.5807,32,8
13,21,5,0.5517,32,8
13,21,6,0.5517,32,8
13,22,0,0.5807,32,8
13,22,1,0.5807,32,8
13,22,2,0.5807,32,8
13,22,3,0.5807,32,8
13,22,4,0.5807,32,8
13,22,5,0.5517,32,8
13,22,6,0.5517,32,8
13,23,0,0.5807,32,8
13,23,1,0.5807,32,8
13,23,2,0.5807,32,8
13,23,3,0.5807,32,8
13,23,4,0.5807,32,8
13,23,5,0.5517,32,8
13,23,6,0.5517,32,8
14,0,0,0.6299,20,13
14,0,1,0.6299,20,13
14,0,2,0.6299,20,13
14,0,3,0.6299,20,13
14,0,4,0.6299,20,13
14,0,5,0.5984,20,13
14,0,6,0.5984,20,13
14,1,0,0.6299,20,13
14,1,1,0.6299,20,13
14,1,2,0.6299,20,13
14,1,3,0.6299,20,13
14,1,4,0.6299,20,13
14,1,5,0.5984,20,13
14,1,6,0.5984,20,13
14,2,0,0.6299,20,13
14,2,1,0.6299,20,13
14,2,2,0.6299,20,13
14,2,3,0.6299,20,13
14,2,4,0.6299,20,13
14,2,5,0.5984,20,13
14,2,6,0.5984,20,13
14,3,0,0.6299,20,13
14,3,1,0.6299,20,13
14,3,2,0.6299,20,13
14,3,3,0.6299,20,13
14,3,4,0.6299,20,13
14,3,5,0.5984,20,13
14,3,6,0.5984,20,13
14,4,0,0.6299,20,13
14,4,1,0.6299,20,13
14,4,2,0.6299,20,13
14,4,3,0.6299,20,13
14,4,4,0.6299,20,13
14,4,5,0.5984,20,13
14,4,6,0.5984,20,13
14,5,0,0.6299,20,13
14,5,1,0.6299,20,13
14,5,2,0.6299,20,13
14,5,3,0.6299,20,13
14,5,4,0.6299,20,13
14,5,5,0.5984,20,13
14,5,6,0.5984,20,13
14,6,0,0.6299,20,13
14,6,1,0.6299,20,13
14,6,2,0.6299,20,13
14,6,3,0.6299,20,13
14,6,4,0.6299,20,13
14,6,5,0.5984,20,13
14,6,6,0.5984,20,13
14,7,0,0.8189,20,13
14,7,1,0.8189,20,13
14,7,2,0.8189,20,13
14,7,3,0.8189,20,13
14,7,4,0.8189,20,13
14,7,5,0.7779,20,13
14,7,6,0.7779,20,13
14,8,0,0.9448,20,13
14,8,1,0.9448,20,13
14,8,2,0.9448,20,13
14,8,3,0.9448,20,13
14,8,4,0.9448,20,13
14,8,5,0.8976,20,13
14,8,6,0.8976,20,13
14,9,0,0.9448,20,13
14,9,1,0.9448,20,13
14,9,2,0.9448,20,13
14,9,3,0.9448,20,13
14,9,4,0.9448,20,13
14,9,5,0.8976,20,13
14,9,6,0.8976,20,13
14,10,0,0.7559,20,13
14,10,1,0.7559,20,13
14,10,2,0.7559,20,13
14,10,3,0.7559,20,13
14,10,4,0.7559,20,13
14,10,5,0.7181,20,13
14,10,6,0.7181,20,13
14,11,0,0.6299,20,13
14,11,1,0.6299,20,13
14,11,2,0.6299,20,13
14,11,3,0.6299,20,13
14,11,4,0.6299,20,13
14,11,5,0.5984,20,13
14,11,6,0.5984,20,13
14,12,0,0.6299,20,13
14,12,1,0.6299,20,13
14,12,2,0.6299,20,13
14,12,3,0.6299,20,13
14,12,4,0.6299,20,13
14,12,5,0.5984,20,13
14,12,6,0.5984,20,13
14,13,0,0.6299,20,13
14,13,1,0.6299,20,13
14,13,2,0.6299,20,13
14,13,3,0.6299,20,13
14,13,4,0.6299,20,13
14,13,5,0.5984,20,13
14,13,6,0.5984,20,13
14,14,0,0.6299,20,13
14,14,1,0.6299,20,13
14,14,2,0.6299,20,13
14,14,3,0.6299,20,13
14,14,4,0.6299,20,13
14,14,5,0.5984,20,13
14,14,6,0.5984,20,13
14,15,0,0.6299,20,13
14,15,1,0.6299,20,13
14,15,2,0.6299,20,13
14,15,3,0.6299,20,13
14,15,4,0.6299,20,13
14,15,5,0.5984,20,13
14,15,6,0.5984,20,13
14,16,0,0.6299,20,13
14,16,1,0.6299,20,13
14,16,2,0.6299,20,13
14,16,3,0.6299,20,13
14,16,4,0.6299,20,13
14,16,5,0.5984,20,13
14,16,6,0.5984,20,13
14,17,0,0.7559,20,13
14,17,1,0.7559,20,13
14,17,2,0.7559,20,13
14,17,3,0.7559,20,13
14,17,4,0.7559,20,13
14,17,5,0.7181,20,13
14,17,6,0.7181,20,13
14,18,0,0.9448,20,13
14,18,1,0.9448,20,13
14,18,2,0.9448,20,13
14,18,3,0.9448,20,13
14,18,4,0.9448,20,13
14,18,5,0.8976,20,13
14,18,6,0.8976,20,13
14,19,0,0.9448,20,13
14,19,1,0.9448,20,13
14,19,2,0.9448,20,13
14,19,3,0.9448,20,13
14,19,4,0.9448,20,13
14,19,5,0.8976,20,13
14,19,6,0.8976,20,13
14,20,0,0.8189,20,13
14,20,1,0.8189,20,13
14,20,2,0.8189,20,13
14,20,3,0.8189,20,13
14,20,4,0.8189,20,13
14,20,5,0.7779,20,13
14,20,6,0.7779,20,13
14,21,0,0.6299,20,13
14,21,1,0.6299,20,13
14,21,2,0.6299,20,13
14,21,3,0.6299,20,13
14,21,4,0.6299,20,13
14,21,5,0.5984,20,13
14,21,6,0.5984,20,13
14,22,0,0.6299,20,13
14,22,1,0.6299,20,13
14,22,2,0.6299,20,13
14,22,3,0.6299,20,13
14,22,4,0.6299,20,13
14,22,5,0.5984,20,13
14,22,6,0.5984,20,13
14,23,0,0.6299,20,13
14,23,1,0.6299,20,13
14,23,2,0.6299,20,13
14,23,3,0.6299,20,13
14,23,4,0.6299,20,13
14,23,5,0.5984,20,13
14,23,6,0.5984,20,13
15,0,0,0.8421,1,12
15,0,1,0.8421,1,12
15,0,2,0.8421,1,12
15,0,3,0.8421,1,12
15,0,4,0.8421,1,12
15,0,5,0.8,1,12
15,0,6,0.8,1,12
15,1,0,0.8421,1,12
15,1,1,0.8421,1,12
15,1,2,0.8421,1,12
15,1,3,0.8421,1,12
15,1,4,0.8421,1,12
15,1,5,0.8,1,12
15,1,6,0.8,1,12
15,2,0,0.8421,1,12
15,2,1,0.8421,1,12
15,2,2,0.8421,1,12
15,2,3,0.8421,1,12
15,2,4,0.8421,1,12
15,2,5,0.8,1,12
15,2,6,0.8,1,12
15,3,0,0.8421,1,12
15,3,1,0.8421,1,12
15,3,2,0.8421,1,12
15,3,3,0.8421,1,12
15,3,4,0.8421,1,12
15,3,5,0.8,1,12
15,3,6,0.8,1,12
15,4,0,0.8421,1,12
15,4,1,0.8421,1,12
15,4,2,0.8421,1,12
15,4,3,0.8421,1,12
15,4,4,0.8421,1,12
15,4,5,0.8,1,12
15,4,6,0.8,1,12
15,5,0,0.8421,1,12
15,5,1,0.8421,1,12
15,5,2,0.8421,1,12
15,5,3,0.8421,1,12
15,5,4,0.8421,1,12
15,5,5,0.8,1,12
15,5,6,0.8,1,12
15,6,0,0.8421,1,12
15,6,1,0.8421,1,12
15,6,2,0.8421,1,12
15,6,3,0.8421,1,12
15,6,4,0.8421,1,12
15,6,5,0.8,1,12
15,6,6,0.8,1,12
15,7,0,0.95,1,12
15,7,1,0.95,1,12
15,7,2,0.95,1,12
15,7,3,0.95,1,12
15,7,4,0.95,1,12
15,7,5,0.95,1,12
15,7,6,0.95,1,12
15,8,0,0.95,1,12
15,8,1,0.95,1,12
15,8,2,0.95,1,12
15,8,3,0.95,1,12
15,8,4,0.95,1,12
15,8,5,0.95,1,12
15,8,6,0.95,1,12
15,9,0,0.95,1,12
15,9,1,0.95,1,12
15,9,2,0.95,1,12
15,9,3,0.95,1,12
15,9,4,0.95,1,12
15,9,5,0.95,1,12
15,9,6,0.95,1,12
15,10,0,0.95,1,12
15,10,1,0.95,1,12
15,10,2,0.95,1,12
15,10,3,0.95,1,12
15,10,4,0.95,1,12
15,10,5,0.95,1,12
15,10,6,0.95,1,12
15,11,0,0.8421,1,12
15,11,1,0.8421,1,12
15,11,2,0.8421,1,12
15,11,3,0.8421,1,12
15,11,4,0.8421,1,12
15,11,5,0.8,1,12
15,11,6,0.8,1,12
15,12,0,0.8421,1,12
15,12,1,0.8421,1,12
15,12,2,0.8421,1,12
15,12,3,0.8421,1,12
15,12,4,0.8421,1,12
15,12,5,0.8,1,12
15,12,6,0.8,1,12
15,13,0,0.8421,1,12
15,13,1,0.8421,1,12
15,13,2,0.8421,1,12
15,13,3,0.8421,1,12
15,13,4,0.8421,1,12
15,13,5,0.8,1,12
15,13,6,0.8,1,12
15,14,0,0.8421,1,12
15,14,1,0.8421,1,12
15,14,2,0.8421,1,12
15,14,3,0.8421,1,12
15,14,4,0.8421,1,12
15,14,5,0.8,1,12
15,14,6,0.8,1,12
15,15,0,0.8421,1,12
15,15,1,0.8421,1,12
15,15,2,0.8421,1,12
15,15,3,0.8421,1,12
15,15,4,0.8421,1,12
15,15,5,0.8,1,12
15,15,6,0.8,1,12
15,16,0,0.8421,1,12
15,16,1,0.8421,1,12
15,16,2,0.8421,1,12
15,16,3,0.8421,1,12
15,16,4,0.8421,1,12
15,16,5,0.8,1,12
15,16,6,0.8,1,12
15,17,0,0.95,1,12
15,17,1,0.95,1,12
15,17,2,0.95,1,12
15,17,3,0.95,1,12
15,17,4,0.95,1,12
15,17,5,0.95,1,12
15,17,6,0.95,1,12
15,18,0,0.95,1,12
15,18,1,0.95,1,12
15,18,2,0.95,1,12
15,18,3,0.95,1,12
15,18,4,0.95,1,12
15,18,5,0.95,1,12
15,18,6,0.95,1,12
15,19,0,0.95,1,12
15,19,1,0.95,1,12
15,19,2,0.95,1,12
15,19,3,0.95,1,12
15,19,4,0.95,1,12
15,19,5,0.95,1,12
15,19,6,0.95,1,12
15,20,0,0.95,1,12
15,20,1,0.95,1,12
15,20,2,0.95,1,12
15,20,3,0.95,1,12
15,20,4,0.95,1,12
15,20,5,0.95,1,12
15,20,6,0.95,1,12
15,21,0,0.8421,1,12
15,21,1,0.8421,1,12
15,21,2,0.8421,1,12
15,21,3,0.8421,1,12
15,21,4,0.8421,1,12
15,21,5,0.8,1,12
15,21,6,0.8,1,12
15,22,0,0.8421,1,12
15,22,1,0.8421,1,12
15,22,2,0.8421,1,12
15,22,3,0.8421,1,12
15,22,4,0.8421,1,12
15,22,5,0.8,1,12
15,22,6,0.8,1,12
15,23,0,0.8421,1,12
15,23,1,0.8421,1,12
15,23,2,0.8421,1,12
15,23,3,0.8421,1,12
15,23,4,0.8421,1,12
15,23,5,0.8,1,12
15,23,6,0.8,1,12
16,0,0,0.614,19,2
16,0,1,0.614,19,2
16,0,2,0.614,19,2
16,0,3,0.614,19,2
16,0,4,0.614,19,2
16,0,5,0.5833,19,2
16,0,6,0.5833,19,2
16,1,0,0.614,19,2
16,1,1,0.614,19,2
16,1,2,0.614,19,2
16,1,3,0.614,19,2
16,1,4,0.614,19,2
16,1,5,0.5833,19,2
16,1,6,0.5833,19,2
16,2,0,0.614,19,2
16,2,1,0.614,19,2
16,2,2,0.614,19,2
16,2,3,0.614,19,2
16,2,4,0.614,19,2
16,2,5,0.5833,19,2
16,2,6,0.5833,19,2
16,3,0,0.614,19,2
16,3,1,0.614,19,2
16,3,2,0.614,19,2
16,3,3,0.614,19,2
16,3,4,0.614,19,2
16,3,5,0.5833,19,2
16,3,6,0.5833,19,2
16,4,0,0.614,19,2
16,4,1,0.614,19,2
16,4,2,0.614,19,2
16,4,3,0.614,19,2
16,4,4,0.614,19,2
16,4,5,0.5833,19,2
16,4,6,0.5833,19,2
16,5,0,0.614,19,2
16,5,1,0.614,19,2
16,5,2,0.614,19,2
16,5,3,0.614,19,2
16,5,4,0.614,19,2
16,5,5,0.5833,19,2
16,5,6,0.5833,19,2
16,6,0,0.614,19,2
16,6,1,0.614,19,2
16,6,2,0.614,19,2
16,6,3,0.614,19,2
16,6,4,0.614,19,2
16,6,5,0.5833,19,2
16,6,6,0.5833,19,2
16,7,0,0.7982,19,2
16,7,1,0.7982,19,2
16,7,2,0.7982,19,2
16,7,3,0.7982,19,2
16,7,4,0.7982,19,2
16,7,5,0.7583,19,2
16,7,6,0.7583,19,2
16,8,0,0.921,19,2
16,8,1,0.921,19,2
16,8,2,0.921,19,2
16,8,3,0.921,19,2
16,8,4,0.921,19,2
16,8,5,0.8749,19,2
16,8,6,0.8749,19,2
16,9,0,0.921,19,2
16,9,1,0.921,19,2
16,9,2,0.921,19,2
16,9,3,0.921,19,2
16,9,4,0.921,19,2
16,9,5,0.8749,19,2
16,9,6,0.8749,19,2
16,10,0,0.7368,19,2
16,10,1,0.7368,19,2
16,10,2,0.7368,19,2
16,10,3,0.7368,19,2
16,10,4,0.7368,19,2
16,10,5,0.7,19,2
16,10,6,0.7,19,2
16,11,0,0.614,19,2
16,11,1,0.614,19,2
16,11,2,0.614,19,2
16,11,3,0.614,19,2
16,11,4,0.614,19,2
16,11,5,0.5833,19,2
16,11,6,0.5833,19,2
16,12,0,0.614,19,2
16,12,1,0.614,19,2
16,12,2,0.614,19,2
16,12,3,0.614,19,2
16,12,4,0.614,19,2
16,12,5,0.5833,19,2
16,12,6,0.5833,19,2
16,13,0,0.614,19,2
16,13,1,0.614,19,2
16,13,2,0.614,19,2
16,13,3,0.614,19,2
16,13,4,0.614,19,2
16,13,5,0.5833,19,2
16,13,6,0.5833,19,2
16,14,0,0.614,19,2
16,14,1,0.614,19,2
16,14,2,0.614,19,2
16,14,3,0.614,19,2
16,14,4,0.614,19,2
16,14,5,0.5833,19,2
16,14,6,0.5833,19,2
16,15,0,0.614,19,2
16,15,1,0.614,19,2
16,15,2,0.614,19,2
16,15,3,0.614,19,2
16,15,4,0.614,19,2
16,15,5,0.5833,19,2
16,15,6,0.5833,19,2
16,16,0,0.614,19,2
16,16,1,0.614,19,2
16,16,2,0.614,19,2
16,16,3,0.614,19,2
16,16,4,0.614,19,2
16,16,5,0.5833,19,2
16,16,6,0.5833,19,2
16,17,0,0.7368,19,2
16,17,1,0.7368,19,2
16,17,2,0.7368,19,2
16,17,3,0.7368,19,2
16,17,4,0.7368,19,2
16,17,5,0.7,19,2
16,17,6,0.7,19,2
16,18,0,0.921,19,2
16,18,1,0.921,19,2
16,18,2,0.921,19,2
16,18,3,0.921,19,2
16,18,4,0.921,19,2
16,18,5,0.8749,19,2
16,18,6,0.8749,19,2
16,19,0,0.921,19,2
16,19,1,0.921,19,2
16,19,2,0.921,19,2
16,19,3,0.921,19,2
16,19,4,0.921,19,2
16,19,5,0.8749,19,2
16,19,6,0.8749,19,2
16,20,0,0.7982,19,2
16,20,1,0.7982,19,2
16,20,2,0.7982,19,2
16,20,3,0.7982,19,2
16,20,4,0.7982,19,2
16,20,5,0.7583,19,2
16,20,6,0.7583,19,2
16,21,0,0.614,19,2
16,21,1,0.614,19,2
16,21,2,0.614,19,2
16,21,3,0.614,19,2
16,21,4,0.614,19,2
16,21,5,0.5833,19,2
16,21,6,0.5833,19,2
16,22,0,0.614,19,2
16,22,1,0.614,19,2
16,22,2,0.614,19,2
16,22,3,0.614,19,2
16,22,4,0.614,19,2
16,22,5,0.5833,19,2
16,22,6,0.5833,19,2
16,23,0,0.614,19,2
16,23,1,0.614,19,2
16,23,2,0.614,19,2
16,23,3,0.614,19,2
16,23,4,0.614,19,2
16,23,5,0.5833,19,2
16,23,6,0.5833,19,2
17,0,0,0.5895,49,2
17,0,1,0.5895,49,2
17,0,2,0.5895,49,2
17,0,3,0.5895,49,2
17,0,4,0.5895,49,2
17,0,5,0.56,49,2
17,0,6,0.56,49,2
17,1,0,0.5895,49,2
17,1,1,0.5895,49,2
17,1,2,0.5895,49,2
17,1,3,0.5895,49,2
17,1,4,0.5895,49,2
17,1,5,0.56,49,2
17,1,6,0.56,49,2
17,2,0,0.5895,49,2
17,2,1,0.5895,49,2
17,2,2,0.5895,49,2
17,2,3,0.5895,49,2
17,2,4,0.5895,49,2
17,2,5,0.56,49,2
17,2,6,0.56,49,2
17,3,0,0.5895,49,2
17,3,1,0.5895,49,2
17,3,2,0.5895,49,2
17,3,3,0.5895,49,2
17,3,4,0.5895,49,2
17,3,5,0.56,49,2
17,3,6,0.56,49,2
17,4,0,0.5895,49,2
17,4,1,0.5895,49,2
17,4,2,0.5895,49,2
17,4,3,0.5895,49,2
17,4,4,0.5895,49,2
17,4,5,0.56,49,2
17,4,6,0.56,49,2
17,5,0,0.5895,49,2
17,5,1,0.5895,49,2
17,5,2,0.5895,49,2
17,5,3,0.5895,49,2
17,5,4,0.5895,49,2
17,5,5,0.56,49,2
17,5,6,0.56,49,2
17,6,0,0.5895,49,2
17,6,1,0.5895,49,2
17,6,2,0.5895,49,2
17,6,3,0.5895,49,2
17,6,4,0.5895,49,2
17,6,5,0.56,49,2
17,6,6,0.56,49,2
17,7,0,0.7664,49,2
17,7,1,0.7664,49,2
17,7,2,0.7664,49,2
17,7,3,0.7664,49,2
17,7,4,0.7664,49,2
17,7,5,0.728,49,2
17,7,6,0.728,49,2
17,8,0,0.8842,49,2
17,8,1,0.8842,49,2
17,8,2,0.8842,49,2
17,8,3,0.8842,49,2
17,8,4,0.8842,49,2
17,8,5,0.84,49,2
17,8,6,0.84,49,2
17,9,0,0.8842,49,2
17,9,1,0.8842,49,2
17,9,2,0.8842,49,2
17,9,3,0.8842,49,2
17,9,4,0.8842,49,2
17,9,5,0.84,49,2
17,9,6,0.84,49,2
17,10,0,0.7074,49,2
17,10,1,0.7074,49,2
17,10,2,0.7074,49,2
17,10,3,0.7074,49,2
17,10,4,0.7074,49,2
17,10,5,0.672,49,2
17,10,6,0.672,49,2
17,11,0,0.5895,49,2
17,11,1,0.5895,49,2
17,11,2,0.5895,49,2
17,11,3,0.5895,49,2
17,11,4,0.5895,49,2
17,11,5,0.56,49,2
17,11,6,0.56,49,2
17,12,0,0.5895,49,2
17,12,1,0.5895,49,2
17,12,2,0.5895,49,2
17,12,3,0.5895,49,2
17,12,4,0.5895,49,2
17,12,5,0.56,49,2
17,12,6,0.56,49,2
17,13,0,0.5895,49,2
17,13,1,0.5895,49,2
17,13,2,0.5895,49,2
17,13,3,0.5895,49,2
17,13,4,0.5895,49,2
17,13,5,0.56,49,2
17,13,6,0.56,49,2
17,14,0,0.5895,49,2
17,14,1,0.5895,49,2
17,14,2,0.5895,49,2
17,14,3,0.5895,49,2
17,14,4,0.5895,49,2
17,14,5,0.56,49,2
17,14,6,0.56,49,2
17,15,0,0.5895,49,2
17,15,1,0.5895,49,2
17,15,2,0.5895,49,2
17,15,3,0.5895,49,2
17,15,4,0.5895,49,2
17,15,5,0.56,49,2
17,15,6,0.56,49,2
17,16,0,0.5895,49,2
17,16,1,0.5895,49,2
17,16,2,0.5895,49,2
17,16,3,0.5895,49,2
17,16,4,0.5895,49,2
17,16,5,0.56,49,2
17,16,6,0.56,49,2
17,17,0,0.7074,49,2
17,17,1,0.7074,49,2
17,17,2,0.7074,49,2
17,17,3,0.7074,49,2
17,17,4,0.7074,49,2
17,17,5,0.672,49,2
17,17,6,0.672,49,2
17,18,0,0.8842,49,2
17,18,1,0.8842,49,2
17,18,2,0.8842,49,2
17,18,3,0.8842,49,2
17,18,4,0.8842,49,2
17,18,5,0.84,49,2
17,18,6,0.84,49,2
17,19,0,0.8842,49,2
17,19,1,0.8842,49,2
17,19,2,0.8842,49,2
17,19,3,0.8842,49,2
17,19,4,0.8842,49,2
17,19,5,0.84,49,2
17,19,6,0.84,49,2
17,20,0,0.7664,49,2
17,20,1,0.7664,49,2
17,20,2,0.7664,49,2
17,20,3,0.7664,49,2
17,20,4,0.7664,49,2
17,20,5,0.728,49,2
17,20,6,0.728,49,2
17,21,0,0.5895,49,2
17,21,1,0.5895,49,2
17,21,2,0.5895,49,2
17,21,3,0.5895,49,2
17,21,4,0.5895,49,2
17,21,5,0.56,49,2
17,21,6,0.56,49,2
17,22,0,0.5895,49,2
17,22,1,0.5895,49,2
17,22,2,0.5895,49,2
17,22,3,0.5895,49,2
17,22,4,0.5895,49,2
17,22,5,0.56,49,2
17,22,6,0.56,49,2
17,23,0,0.5895,49,2
17,23,1,0.5895,49,2
17,23,2,0.5895,49,2
17,23,3,0.5895,49,2
17,23,4,0.5895,49,2
17,23,5,0.56,49,2
17,23,6,0.56,49,2
18,0,0,0.5421,25,6
18,0,1,0.5421,25,6
18,0,2,0.5421,25,6
18,0,3,0.5421,25,6
18,0,4,0.5421,25,6
18,0,5,0.515,25,6
18,0,6,0.515,25,6
18,1,0,0.5421,25,6
18,1,1,0.5421,25,6
18,1,2,0.5421,25,6
18,1,3,0.5421,25,6
18,1,4,0.5421,25,6
18,1,5,0.515,25,6
18,1,6,0.515,25,6
18,2,0,0.5421,25,6
18,2,1,0.5421,25,6
18,2,2,0.5421,25,6
18,2,3,0.5421,25,6
18,2,4,0.5421,25,6
18,2,5,0.515,25,6
18,2,6,0.515,25,6
18,3,0,0.5421,25,6
18,3,1,0.5421,25,6
18,3,2,0.5421,25,6
18,3,3,0.5421,25,6
18,3,4,0.5421,25,6
18,3,5,0.515,25,6
18,3,6,0.515,25,6
18,4,0,0.5421,25,6
18,4,1,0.5421,25,6
18,4,2,0.5421,25,6
18,4,3,0.5421,25,6
18,4,4,0.5421,25,6
18,4,5,0.515,25,6
18,4,6,0.515,25,6
18,5,0,0.5421,25,6
18,5,1,0.5421,25,6
18,5,2,0.5421,25,6
18,5,3,0.5421,25,6
18,5,4,0.5421,25,6
18,5,5,0.515,25,6
18,5,6,0.515,25,6
18,6,0,0.5421,25,6
18,6,1,0.5421,25,6
18,6,2,0.5421,25,6
18,6,3,0.5421,25,6
18,6,4,0.5421,25,6
18,6,5,0.515,25,6
18,6,6,0.515,25,6
18,7,0,0.7047,25,6
18,7,1,0.7047,25,6
18,7,2,0.7047,25,6
18,7,3,0.7047,25,6
18,7,4,0.7047,25,6
18,7,5,0.6695,25,6
18,7,6,0.6695,25,6
18,8,0,0.8132,25,6
18,8,1,0.8132,25,6
18,8,2,0.8132,25,6
18,8,3,0.8132,25,6
18,8,4,0.8132,25,6
18,8,5,0.7725,25,6
18,8,6,0.7725,25,6
18,9,0,0.8132,25,6
18,9,1,0.8132,25,6
18,9,2,0.8132,25,6
18,9,3,0.8132,25,6
18,9,4,0.8132,25,6
18,9,5,0.7725,25,6
18,9,6,0.7725,25,6
18,10,0,0.6505,25,6
18,10,1,0.6505,25,6
18,10,2,0.6505,25,6
18,10,3,0.6505,25,6
18,10,4,0.6505,25,6
18,10,5,0.618,25,6
18,10,6,0.618,25,6
18,11,0,0.5421,25,6
18,11,1,0.5421,25,6
18,11,2,0.5421,25,6
18,11,3,0.5421,25,6
18,11,4,0.5421,25,6
18,11,5,0.515,25,6
18,11,6,0.515,25,6
18,12,0,0.5421,25,6
18,12,1,0.5421,25,6
18,12,2,0.5421,25,6
18,12,3,0.5421,25,6
18,12,4,0.5421,25,6
18,12,5,0.515,25,6
18,12,6,0.515,25,6
18,13,0,0.5421,25,6
18,13,1,0.5421,25,6
18,13,2,0.5421,25,6
18,13,3,0.5421,25,6
18,13,4,0.5421,25,6
18,13,5,0.515,25,6
18,13,6,0.515,25,6
18,14,0,0.5421,25,6
18,14,1,0.5421,25,6
18,14,2,0.5421,25,6
18,14,3,0.5421,25,6
18,14,4,0.5421,25,6
18,14,5,0.515,25,6
18,14,6,0.515,25,6
18,15,0,0.5421,25,6
18,15,1,0.5421,25,6
18,15,2,0.5421,25,6
18,15,3,0.5421,25,6
18,15,4,0.5421,25,6
18,15,5,0.515,25,6
18,15,6,0.515,25,6
18,16,0,0.5421,25,6
18,16,1,0.5421,25,6
18,16,2,0.5421,25,6
18,16,3,0.5421,25,6
18,16,4,0.5421,25,6
18,16,5,0.515,25,6
18,16,6,0.515,25,6
18,17,0,0.6505,25,6
18,17,1,0.6505,25,6
18,17,2,0.6505,25,6
18,17,3,0.6505,25,6
18,17,4,0.6505,25,6
18,17,5,0.618,25,6
18,17,6,0.618,25,6
18,18,0,0.8132,25,6
18,18,1,0.8132,25,6
18,18,2,0.8132,25,6
18,18,3,0.8132,25,6
18,18,4,0.8132,25,6
18,18,5,0.7725,25,6
18,18,6,0.7725,25,6
18,19,0,0.8132,25,6
18,19,1,0.8132,25,6
18,19,2,0.8132,25,6
18,19,3,0.8132,25,6
18,19,4,0.8132,25,6
18,19,5,0.7725,25,6
18,19,6,0.7725,25,6
18,20,0,0.7047,25,6
18,20,1,0.7047,25,6
18,20,2,0.7047,25,6
18,20,3,0.7047,25,6
18,20,4,0.7047,25,6
18,20,5,0.6695,25,6
18,20,6,0.6695,25,6
18,21,0,0.5421,25,6
18,21,1,0.5421,25,6
18,21,2,0.5421,25,6
18,21,3,0.5421,25,6
18,21,4,0.5421,25,6
18,21,5,0.515,25,6
18,21,6,0.515,25,6
18,22,0,0.5421,25,6
18,22,1,0.5421,25,6
18,22,2,0.5421,25,6
18,22,3,0.5421,25,6
18,22,4,0.5421,25,6
18,22,5,0.515,25,6
18,22,6,0.515,25,6
18,23,0,0.5421,25,6
18,23,1,0.5421,25,6
18,23,2,0.5421,25,6
18,23,3,0.5421,25,6
18,23,4,0.5421,25,6
18,23,5,0.515,25,6
18,23,6,0.515,25,6
57,0,0,0.5545,17,10
57,0,1,0.5545,17,10
57,0,2,0.5545,17,10
57,0,3,0.5545,17,10
57,0,4,0.5545,17,10
57,0,5,0.5268,17,10
57,0,6,0.5268,17,10
57,1,0,0.5545,17,10
57,1,1,0.5545,17,10
57,1,2,0.5545,17,10
57,1,3,0.5545,17,10
57,1,4,0.5545,17,10
57,1,5,0.5268,17,10
57,1,6,0.5268,17,10
57,2,0,0.5545,17,10
57,2,1,0.5545,17,10
57,2,2,0.5545,17,10
57,2,3,0.5545,17,10
57,2,4,0.5545,17,10
57,2,5,0.5268,17,10
57,2,6,0.5268,17,10
57,3,0,0.5545,17,10
57,3,1,0.5545,17,10
57,3,2,0.5545,17,10
57,3,3,0.5545,17,10
57,3,4,0.5545,17,10
57,3,5,0.5268,17,10
57,3,6,0.5268,17,10
57,4,0,0.5545,17,10
57,4,1,0.5545,17,10
57,4,2,0.5545,17,10
57,4,3,0.5545,17,10
57,4,4,0.5545,17,10
57,4,5,0.5268,17,10
57,4,6,0.5268,17,10
57,5,0,0.5545,17,10
57,5,1,0.5545,17,10
57,5,2,0.5545,17,10
57,5,3,0.5545,17,10
57,5,4,0.5545,17,10
57,5,5,0.5268,17,10
57,5,6,0.5268,17,10
57,6,0,0.5545,17,10
57,6,1,0.5545,17,10
57,6,2,0.5545,17,10
57,6,3,0.5545,17,10
57,6,4,0.5545,17,10
57,6,5,0.5268,17,10
57,6,6,0.5268,17,10
57,7,0,0.7208,17,10
57,7,1,0.7208,17,10
57,7,2,0.7208,17,10
57,7,3,0.7208,17,10
57,7,4,0.7208,17,10
57,7,5,0.6848,17,10
57,7,6,0.6848,17,10
57,8,0,0.8317,17,10
57,8,1,0.8317,17,10
57,8,2,0.8317,17,10
57,8,3,0.8317,17,10
57,8,4,0.8317,17,10
57,8,5,0.7902,17,10
57,8,6,0.7902,17,10
57,9,0,0.8317,17,10
57,9,1,0.8317,17,10
57,9,2,0.8317,17,10
57,9,3,0.8317,17,10
57,9,4,0.8317,17,10
57,9,5,0.7902,17,10
57,9,6,0.7902,17,10
57,10,0,0.6654,17,10
57,10,1,0.6654,17,10
57,10,2,0.6654,17,10
57,10,3,0.6654,17,10
57,10,4,0.6654,17,10
57,10,5,0.6321,17,10
57,10,6,0.6321,17,10
57,11,0,0.5545,17,10
57,11,1,0.5545,17,10
57,11,2,0.5545,17,10
57,11,3,0.5545,17,10
57,11,4,0.5545,17,10
57,11,5,0.5268,17,10
57,11,6,0.5268,17,10
57,12,0,0.5545,17,10
57,12,1,0.5545,17,10
57,12,2,0.5545,17,10
57,12,3,0.5545,17,10
57,12,4,0.5545,17,10
57,12,5,0.5268,17,10
57,12,6,0.5268,17,10
57,13,0,0.5545,17,10
57,13,1,0.5545,17,10
57,13,2,0.5545,17,10
57,13,3,0.5545,17,10
57,13,4,0.5545,17,10
57,13,5,0.5268,17,10
57,13,6,0.5268,17,10
57,14,0,0.5545,17,10
57,14,1,0.5545,17,10
57,14,2,0.5545,17,10
57,14,3,0.5545,17,10
57,14,4,0.5545,17,10
57,14,5,0.5268,17,10
57,14,6,0.5268,17,10
57,15,0,0.5545,17,10
57,15,1,0.5545,17,10
57,15,2,0.5545,17,10
57,15,3,0.5545,17,10
57,15,4,0.5545,17,10
57,15,5,0.5268,17,10
57,15,6,0.5268,17,10
57,16,0,0.5545,17,10
57,16,1,0.5545,17,10
57,16,2,0.5545,17,10
57,16,3,0.5545,17,10
57,16,4,0.5545,17,10
57,16,5,0.5268,17,10
57,16,6,0.5268,17,10
57,17,0,0.6654,17,10
57,17,1,0.6654,17,10
57,17,2,0.6654,17,10
57,17,3,0.6654,17,10
57,17,4,0.6654,17,10
57,17,5,0.6321,17,10
57,17,6,0.6321,17,10
57,18,0,0.8317,17,10
57,18,1,0.8317,17,10
57,18,2,0.8317,17,10
57,18,3,0.8317,17,10
57,18,4,0.8317,17,10
57,18,5,0.7902,17,10
57,18,6,0.7902,17,10
57,19,0,0.8317,17,10
57,19,1,0.8317,17,10
57,19,2,0.8317,17,10
57,19,3,0.8317,17,10
57,19,4,0.8317,17,10
57,19,5,0.7902,17,10
57,19,6,0.7902,17,10
57,20,0,0.7208,17,10
57,20,1,0.7208,17,10
57,20,2,0.7208,17,10
57,20,3,0.7208,17,10
57,20,4,0.7208,17,10
57,20,5,0.6848,17,10
57,20,6,0.6848,17,10
57,21,0,0.5545,17,10
57,21,1,0.5545,17,10
57,21,2,0.5545,17,10
57,21,3,0.5545,17,10
57,21,4,0.5545,17,10
57,21,5,0.5268,17,10
57,21,6,0.5268,17,10
57,22,0,0.5545,17,10
57,22,1,0.5545,17,10
57,22,2,0.5545,17,10
57,22,3,0.5545,17,10
57,22,4,0.5545,17,10
57,22,5,0.5268,17,10
57,22,6,0.5268,17,10
57,23,0,0.5545,17,10
57,23,1,0.5545,17,10
57,23,2,0.5545,17,10
57,23,3,0.5545,17,10
57,23,4,0.5545,17,10
57,23,5,0.5268,17,10
57,23,6,0.5268,17,10
79,0,0,0.5667,42,11
79,0,1,0.5667,42,11
79,0,2,0.5667,42,11
79,0,3,0.5667,42,11
79,0,4,0.5667,42,11
79,0,5,0.5384,42,11
79,0,6,0.5384,42,11
79,1,0,0.5667,42,11
79,1,1,0.5667,42,11
79,1,2,0.5667,42,11
79,1,3,0.5667,42,11
79,1,4,0.5667,42,11
79,1,5,0.5384,42,11
79,1,6,0.5384,42,11
79,2,0,0.5667,42,11
79,2,1,0.5667,42,11
79,2,2,0.5667,42,11
79,2,3,0.5667,42,11
79,2,4,0.5667,42,11
79,2,5,0.5384,42,11
79,2,6,0.5384,42,11
79,3,0,0.5667,42,11
79,3,1,0.5667,42,11
79,3,2,0.5667,42,11
79,3,3,0.5667,42,11
79,3,4,0.5667,42,11
79,3,5,0.5384,42,11
79,3,6,0.5384,42,11
79,4,0,0.5667,42,11
79,4,1,0.5667,42,11
79,4,2,0.5667,42,11
79,4,3,0.5667,42,11
79,4,4,0.5667,42,11
79,4,5,0.5384,42,11
79,4,6,0.5384,42,11
79,5,0,0.5667,42,11
79,5,1,0.5667,42,11
79,5,2,0.5667,42,11
79,5,3,0.5667,42,11
79,5,4,0.5667,42,11
79,5,5,0.5384,42,11
79,5,6,0.5384,42,11
79,6,0,0.5667,42,11
79,6,1,0.5667,42,11
79,6,2,0.5667,42,11
79,6,3,0.5667,42,11
79,6,4,0.5667,42,11
79,6,5,0.5384,42,11
79,6,6,0.5384,42,11
79,7,0,0.7367,42,11
79,7,1,0.7367,42,11
79,7,2,0.7367,42,11
79,7,3,0.7367,42,11
79,7,4,0.7367,42,11
79,7,5,0.6999,42,11
79,7,6,0.6999,42,11
79,8,0,0.85,42,11
79,8,1,0.85,42,11
79,8,2,0.85,42,11
79,8,3,0.85,42,11
79,8,4,0.85,42,11
79,8,5,0.8075,42,11
79,8,6,0.8075,42,11
79,9,0,0.85,42,11
79,9,1,0.85,42,11
79,9,2,0.85,42,11
79,9,3,0.85,42,11
79,9,4,0.85,42,11
79,9,5,0.8075,42,11
79,9,6,0.8075,42,11
79,10,0,0.68,42,11
79,10,1,0.68,42,11
79,10,2,0.68,42,11
79,10,3,0.68,42,11
79,10,4,0.68,42,11
79,10,5,0.646,42,11
79,10,6,0.646,42,11
79,11,0,0.5667,42,11
79,11,1,0.5667,42,11
79,11,2,0.5667,42,11
79,11,3,0.5667,42,11
79,11,4,0.5667,42,11
79,11,5,0.5384,42,11
79,11,6,0.5384,42,11
79,12,0,0.5667,42,11
79,12,1,0.5667,42,11
79,12,2,0.5667,42,11
79,12,3,0.5667,42,11
79,12,4,0.5667,42,11
79,12,5,0.5384,42,11
79,12,6,0.5384,42,11
79,13,0,0.5667,42,11
79,13,1,0.5667,42,11
79,13,2,0.5667,42,11
79,13,3,0.5667,42,11
79,13,4,0.5667,42,11
79,13,5,0.5384,42,11
79,13,6,0.5384,42,11
79,14,0,0.5667,42,11
79,14,1,0.5667,42,11
79,14,2,0.5667,42,11
79,14,3,0.5667,42,11
79,14,4,0.5667,42,11
79,14,5,0.5384,42,11
79,14,6,0.5384,42,11
79,15,0,0.5667,42,11
79,15,1,0.5667,42,11
79,15,2,0.5667,42,11
79,15,3,0.5667,42,11
79,15,4,0.5667,42,11
79,15,5,0.5384,42,11
79,15,6,0.5384,42,11
79,16,0,0.5667,42,11
79,16,1,0.5667,42,11
79,16,2,0.5667,42,11
79,16,3,0.5667,42,11
79,16,4,0.5667,42,11
79,16,5,0.5384,42,11
79,16,6,0.5384,42,11
79,17,0,0.68,42,11
79,17,1,0.68,42,11
79,17,2,0.68,42,11
79,17,3,0.68,42,11
79,17,4,0.68,42,11
79,17,5,0.646,42,11
79,17,6,0.646,42,11
79,18,0,0.85,42,11
79,18,1,0.85,42,11
79,18,2,0.85,42,11
79,18,3,0.85,42,11
79,18,4,0.85,42,11
79,18,5,0.8075,42,11
79,18,6,0.8075,42,11
79,19,0,0.85,42,11
79,19,1,0.85,42,11
79,19,2,0.85,42,11
79,19,3,0.85,42,11
79,19,4,0.85,42,11
79,19,5,0.8075,42,11
79,19,6,0.8075,42,11
79,20,0,0.7367,42,11
79,20,1,0.7367,42,11
79,20,2,0.7367,42,11
79,20,3,0.7367,42,11
79,20,4,0.7367,42,11
79,20,5,0.6999,42,11
79,20,6,0.6999,42,11
79,21,0,0.5667,42,11
79,21,1,0.5667,42,11
79,21,2,0.5667,42,11
79,21,3,0.5667,42,11
79,21,4,0.5667,42,11
79,21,5,0.5384,42,11
79,21,6,0.5384,42,11
79,22,0,0.5667,42,11
79,22,1,0.5667,42,11
79,22,2,0.5667,42,11
79,22,3,0.5667,42,11
79,22,4,0.5667,42,11
79,22,5,0.5384,42,11
79,22,6,0.5384,42,11
79,23,0,0.5667,42,11
79,23,1,0.5667,42,11
79,23,2,0.5667,42,11
79,23,3,0.5667,42,11
79,23,4,0.5667,42,11
79,23,5,0.5384,42,11
79,23,6,0.5384,42,11
82,0,0,0.5567,59,35
82,0,1,0.5567,59,35
82,0,2,0.5567,59,35
82,0,3,0.5567,59,35
82,0,4,0.5567,59,35
82,0,5,0.5289,59,35
82,0,6,0.5289,59,35
82,1,0,0.5567,59,35
82,1,1,0.5567,59,35
82,1,2,0.5567,59,35
82,1,3,0.5567,59,35
82,1,4,0.5567,59,35
82,1,5,0.5289,59,35
82,1,6,0.5289,59,35
82,2,0,0.5567,59,35
82,2,1,0.5567,59,35
82,2,2,0.5567,59,35
82,2,3,0.5567,59,35
82,2,4,0.5567,59,35
82,2,5,0.5289,59,35
82,2,6,0.5289,59,35
82,3,0,0.5567,59,35
82,3,1,0.5567,59,35
82,3,2,0.5567,59,35
82,3,3,0.5567,59,35
82,3,4,0.5567,59,35
82,3,5,0.5289,59,35
82,3,6,0.5289,59,35
82,4,0,0.5567,59,35
82,4,1,0.5567,59,35
82,4,2,0.5567,59,35
82,4,3,0.5567,59,35
82,4,4,0.5567,59,35
82,4,5,0.5289,59,35
82,4,6,0.5289,59,35
82,5,0,0.5567,59,35
82,5,1,0.5567,59,35
82,5,2,0.5567,59,35
82,5,3,0.5567,59,35
82,5,4,0.5567,59,35
82,5,5,0.5289,59,35
82,5,6,0.5289,59,35
82,6,0,0.5567,59,35
82,6,1,0.5567,59,35
82,6,2,0.5567,59,35
82,6,3,0.5567,59,35
82,6,4,0.5567,59,35
82,6,5,0.5289,59,35
82,6,6,0.5289,59,35
82,7,0,0.7237,59,35
82,7,1,0.7237,59,35
82,7,2,0.7237,59,35
82,7,3,0.7237,59,35
82,7,4,0.7237,59,35
82,7,5,0.6875,59,35
82,7,6,0.6875,59,35
82,8,0,0.835,59,35
82,8,1,0.835,59,35
82,8,2,0.835,59,35
82,8,3,0.835,59,35
82,8,4,0.835,59,35
82,8,5,0.7933,59,35
82,8,6,0.7933,59,35
82,9,0,0.835,59,35
82,9,1,0.835,59,35
82,9,2,0.835,59,35
82,9,3,0.835,59,35
82,9,4,0.835,59,35
82,9,5,0.7933,59,35
82,9,6,0.7933,59,35
82,10,0,0.668,59,35
82,10,1,0.668,59,35
82,10,2,0.668,59,35
82,10,3,0.668,59,35
82,10,4,0.668,59,35
82,10,5,0.6346,59,35
82,10,6,0.6346,59,35
82,11,0,0.5567,59,35
82,11,1,0.5567,59,35
82,11,2,0.5567,59,35
82,11,3,0.5567,59,35
82,11,4,0.5567,59,35
82,11,5,0.5289,59,35
82,11,6,0.5289,59,35
82,12,0,0.5567,59,35
82,12,1,0.5567,59,35
82,12,2,0.5567,59,35
82,12,3,0.5567,59,35
82,12,4,0.5567,59,35
82,12,5,0.5289,59,35
82,12,6,0.5289,59,35
82,13,0,0.5567,59,35
82,13,1,0.5567,59,35
82,13,2,0.5567,59,35
82,13,3,0.5567,59,35
82,13,4,0.5567,59,35
82,13,5,0.5289,59,35
82,13,6,0.5289,59,35
82,14,0,0.5567,59,35
82,14,1,0.5567,59,35
82,14,2,0.5567,59,35
82,14,3,0.5567,59,35
82,14,4,0.5567,59,35
82,14,5,0.5289,59,35
82,14,6,0.5289,59,35
82,15,0,0.5567,59,35
82,15,1,0.5567,59,35
82,15,2,0.5567,59,35
82,15,3,0.5567,59,35
82,15,4,0.5567,59,35
82,15,5,0.5289,59,35
82,15,6,0.5289,59,35
82,16,0,0.5567,59,35
82,16,1,0.5567,59,35
82,16,2,0.5567,59,35
82,16,3,0.5567,59,35
82,16,4,0.5567,59,35
82,16,5,0.5289,59,35
82,16,6,0.5289,59,35
82,17,0,0.668,59,35
82,17,1,0.668,59,35
82,17,2,0.668,59,35
82,17,3,0.668,59,35
82,17,4,0.668,59,35
82,17,5,0.6346,59,35
82,17,6,0.6346,59,35
82,18,0,0.835,59,35
82,18,1,0.835,59,35
82,18,2,0.835,59,35
82,18,3,0.835,59,35
82,18,4,0.835,59,35
82,18,5,0.7933,59,35
82,18,6,0.7933,59,35
82,19,0,0.835,59,35
82,19,1,0.835,59,35
82,19,2,0.835,59,35
82,19,3,0.835,59,35
82,19,4,0.835,59,35
82,19,5,0.7933,59,35
82,19,6,0.7933,59,35
82,20,0,0.7237,59,35
82,20,1,0.7237,59,35
82,20,2,0.7237,59,35
82,20,3,0.7237,59,35
82,20,4,0.7237,59,35
82,20,5,0.6875,59,35
82,20,6,0.6875,59,35
82,21,0,0.5567,59,35
82,21,1,0.5567,59,35
82,21,2,0.5567,59,35
82,21,3,0.5567,59,35
82,21,4,0.5567,59,35
82,21,5,0.5289,59,35
82,21,6,0.5289,59,35
82,22,0,0.5567,59,35
82,22,1,0.5567,59,35
82,22,2,0.5567,59,35
82,22,3,0.5567,59,35
82,22,4,0.5567,59,35
82,22,5,0.5289,59,35
82,22,6,0.5289,59,35
82,23,0,0.5567,59,35
82,23,1,0.5567,59,35
82,23,2,0.5567,59,35
82,23,3,0.5567,59,35
82,23,4,0.5567,59,35
82,23,5,0.5289,59,35
82,23,6,0.5289,59,35
83,0,0,0.5629,69,21
83,0,1,0.5629,69,21
83,0,2,0.5629,69,21
83,0,3,0.5629,69,21
83,0,4,0.5629,69,21
83,0,5,0.5348,69,21
83,0,6,0.5348,69,21
83,1,0,0.5629,69,21
83,1,1,0.5629,69,21
83,1,2,0.5629,69,21
83,1,3,0.5629,69,21
83,1,4,0.5629,69,21
83,1,5,0.5348,69,21
83,1,6,0.5348,69,21
83,2,0,0.5629,69,21
83,2,1,0.5629,69,21
83,2,2,0.5629,69,21
83,2,3,0.5629,69,21
83,2,4,0.5629,69,21
83,2,5,0.5348,69,21
83,2,6,0.5348,69,21
83,3,0,0.5629,69,21
83,3,1,0.5629,69,21
83,3,2,0.5629,69,21
83,3,3,0.5629,69,21
83,3,4,0.5629,69,21
83,3,5,0.5348,69,21
83,3,6,0.5348,69,21
83,4,0,0.5629,69,21
83,4,1,0.5629,69,21
83,4,2,0.5629,69,21
83,4,3,0.5629,69,21
83,4,4,0.5629,69,21
83,4,5,0.5348,69,21
83,4,6,0.5348,69,21
83,5,0,0.5629,69,21
83,5,1,0.5629,69,21
83,5,2,0.5629,69,21
83,5,3,0.5629,69,21
83,5,4,0.5629,69,21
83,5,5,0.5348,69,21
83,5,6,0.5348,69,21
83,6,0,0.5629,69,21
83,6,1,0.5629,69,21
83,6,2,0.5629,69,21
83,6,3,0.5629,69,21
83,6,4,0.5629,69,21
83,6,5,0.5348,69,21
83,6,6,0.5348,69,21
83,7,0,0.7318,69,21
83,7,1,0.7318,69,21
83,7,2,0.7318,69,21
83,7,3,0.7318,69,21
83,7,4,0.7318,69,21
83,7,5,0.6952,69,21
83,7,6,0.6952,69,21
83,8,0,0.8443,69,21
83,8,1,0.8443,69,21
83,8,2,0.8443,69,21
83,8,3,0.8443,69,21
83,8,4,0.8443,69,21
83,8,5,0.8021,69,21
83,8,6,0.8021,69,21
83,9,0,0.8443,69,21
83,9,1,0.8443,69,21
83,9,2,0.8443,69,21
83,9,3,0.8443,69,21
83,9,4,0.8443,69,21
83,9,5,0.8021,69,21
83,9,6,0.8021,69,21
83,10,0,0.6755,69,21
83,10,1,0.6755,69,21
83,10,2,0.6755,69,21
83,10,3,0.6755,69,21
83,10,4,0.6755,69,21
83,10,5,0.6417,69,21
83,10,6,0.6417,69,21
83,11,0,0.5629,69,21
83,11,1,0.5629,69,21
83,11,2,0.5629,69,21
83,11,3,0.5629,69,21
83,11,4,0.5629,69,21
83,11,5,0.5348,69,21
83,11,6,0.5348,69,21
83,12,0,0.5629,69,21
83,12,1,0.5629,69,21
83,12,2,0.5629,69,21
83,12,3,0.5629,69,21
83,12,4,0.5629,69,21
83,12,5,0.5348,69,21
83,12,6,0.5348,69,21
83,13,0,0.5629,69,21
83,13,1,0.5629,69,21
83,13,2,0.5629,69,21
83,13,3,0.5629,69,21
83,13,4,0.5629,69,21
83,13,5,0.5348,69,21
83,13,6,0.5348,69,21
83,14,0,0.5629,69,21
83,14,1,0.5629,69,21
83,14,2,0.5629,69,21
83,14,3,0.5629,69,21
83,14,4,0.5629,69,21
83,14,5,0.5348,69,21
83,14,6,0.5348,69,21
83,15,0,0.5629,69,21
83,15,1,0.5629,69,21
83,15,2,0.5629,69,21
83,15,3,0.5629,69,21
83,15,4,0.5629,69,21
83,15,5,0.5348,69,21
83,15,6,0.5348,69,21
83,16,0,0.5629,69,21
83,16,1,0.5629,69,21
83,16,2,0.5629,69,21
83,16,3,0.5629,69,21
83,16,4,0.5629,69,21
83,16,5,0.5348,69,21
83,16,6,0.5348,69,21
83,17,0,0.6755,69,21
83,17,1,0.6755,69,21
83,17,2,0.6755,69,21
83,17,3,0.6755,69,21
83,17,4,0.6755,69,21
83,17,5,0.6417,69,21
83,17,6,0.6417,69,21
83,18,0,0.8443,69,21
83,18,1,0.8443,69,21
83,18,2,0.8443,69,21
83,18,3,0.8443,69,21
83,18,4,0.8443,69,21
83,18,5,0.8021,69,21
83,18,6,0.8021,69,21
83,19,0,0.8443,69,21
83,19,1,0.8443,69,21
83,19,2,0.8443,69,21
83,19,3,0.8443,69,21
83,19,4,0.8443,69,21
83,19,5,0.8021,69,21
83,19,6,0.8021,69,21
83,20,0,0.7318,69,21
83,20,1,0.7318,69,21
83,20,2,0.7318,69,21
83,20,3,0.7318,69,21
83,20,4,0.7318,69,21
83,20,5,0.6952,69,21
83,20,6,0.6952,69,21
83,21,0,0.5629,69,21
83,21,1,0.5629,69,21
83,21,2,0.5629,69,21
83,21,3,0.5629,69,21
83,21,4,0.5629,69,21
83,21,5,0.5348,69,21
83,21,6,0.5348,69,21
83,22,0,0.5629,69,21
83,22,1,0.5629,69,21
83,22,2,0.5629,69,21
83,22,3,0.5629,69,21
83,22,4,0.5629,69,21
83,22,5,0.5348,69,21
83,22,6,0.5348,69,21
83,23,0,0.5629,69,21
83,23,1,0.5629,69,21
83,23,2,0.5629,69,21
83,23,3,0.5629,69,21
83,23,4,0.5629,69,21
83,23,5,0.5348,69,21
83,23,6,0.5348,69,21
86,0,0,0.588,53,21
86,0,1,0.588,53,21
86,0,2,0.588,53,21
86,0,3,0.588,53,21
86,0,4,0.588,53,21
86,0,5,0.5586,53,21
86,0,6,0.5586,53,21
86,1,0,0.588,53,21
86,1,1,0.588,53,21
86,1,2,0.588,53,21
86,1,3,0.588,53,21
86,1,4,0.588,53,21
86,1,5,0.5586,53,21
86,1,6,0.5586,53,21
86,2,0,0.588,53,21
86,2,1,0.588,53,21
86,2,2,0.588,53,21
86,2,3,0.588,53,21
86,2,4,0.588,53,21
86,2,5,0.5586,53,21
86,2,6,0.5586,53,21
86,3,0,0.588,53,21
86,3,1,0.588,53,21
86,3,2,0.588,53,21
86,3,3,0.588,53,21
86,3,4,0.588,53,21
86,3,5,0.5586,53,21
86,3,6,0.5586,53,21
86,4,0,0.588,53,21
86,4,1,0.588,53,21
86,4,2,0.588,53,21
86,4,3,0.588,53,21
86,4,4,0.588,53,21
86,4,5,0.5586,53,21
86,4,6,0.5586,53,21
86,5,0,0.588,53,21
86,5,1,0.588,53,21
86,5,2,0.588,53,21
86,5,3,0.588,53,21
86,5,4,0.588,53,21
86,5,5,0.5586,53,21
86,5,6,0.5586,53,21
86,6,0,0.588,53,21
86,6,1,0.588,53,21
86,6,2,0.588,53,21
86,6,3,0.588,53,21
86,6,4,0.588,53,21
86,6,5,0.5586,53,21
86,6,6,0.5586,53,21
86,7,0,0.7644,53,21
86,7,1,0.7644,53,21
86,7,2,0.7644,53,21
86,7,3,0.7644,53,21
86,7,4,0.7644,53,21
86,7,5,0.7262,53,21
86,7,6,0.7262,53,21
86,8,0,0.882,53,21
86,8,1,0.882,53,21
86,8,2,0.882,53,21
86,8,3,0.882,53,21
86,8,4,0.882,53,21
86,8,5,0.8379,53,21
86,8,6,0.8379,53,21
86,9,0,0.882,53,21
86,9,1,0.882,53,21
86,9,2,0.882,53,21
86,9,3,0.882,53,21
86,9,4,0.882,53,21
86,9,5,0.8379,53,21
86,9,6,0.8379,53,21
86,10,0,0.7056,53,21
86,10,1,0.7056,53,21
86,10,2,0.7056,53,21
86,10,3,0.7056,53,21
86,10,4,0.7056,53,21
86,10,5,0.6703,53,21
86,10,6,0.6703,53,21
86,11,0,0.588,53,21
86,11,1,0.588,53,21
86,11,2,0.588,53,21
86,11,3,0.588,53,21
86,11,4,0.588,53,21
86,11,5,0.5586,53,21
86,11,6,0.5586,53,21
86,12,0,0.588,53,21
86,12,1,0.588,53,21
86,12,2,0.588,53,21
86,12,3,0.588,53,21
86,12,4,0.588,53,21
86,12,5,0.5586,53,21
86,12,6,0.5586,53,21
86,13,0,0.588,53,21
86,13,1,0.588,53,21
86,13,2,0.588,53,21
86,13,3,0.588,53,21
86,13,4,0.588,53,21
86,13,5,0.5586,53,21
86,13,6,0.5586,53,21
86,14,0,0.588,53,21
86,14,1,0.588,53,21
86,14,2,0.588,53,21
86,14,3,0.588,53,21
86,14,4,0.588,53,21
86,14,5,0.5586,53,21
86,14,6,0.5586,53,21
86,15,0,0.588,53,21
86,15,1,0.588,53,21
86,15,2,0.588,53,21
86,15,3,0.588,53,21
86,15,4,0.588,53,21
86,15,5,0.5586,53,21
86,15,6,0.5586,53,21
86,16,0,0.588,53,21
86,16,1,0.588,53,21
86,16,2,0.588,53,21
86,16,3,0.588,53,21
86,16,4,0.588,53,21
86,16,5,0.5586,53,21
86,16,6,0.5586,53,21
86,17,0,0.7056,53,21
86,17,1,0.7056,53,21
86,17,2,0.7056,53,21
86,17,3,0.7056,53,21
86,17,4,0.7056,53,21
86,17,5,0.6703,53,21
86,17,6,0.6703,53,21
86,18,0,0.882,53,21
86,18,1,0.882,53,21
86,18,2,0.882,53,21
86,18,3,0.882,53,21
86,18,4,0.882,53,21
86,18,5,0.8379,53,21
86,18,6,0.8379,53,21
86,19,0,0.882,53,21
86,19,1,0.882,53,21
86,19,2,0.882,53,21
86,19,3,0.882,53,21
86,19,4,0.882,53,21
86,19,5,0.8379,53,21
86,19,6,0.8379,53,21
86,20,0,0.7644,53,21
86,20,1,0.7644,53,21
86,20,2,0.7644,53,21
86,20,3,0.7644,53,21
86,20,4,0.7644,53,21
86,20,5,0.7262,53,21
86,20,6,0.7262,53,21
86,21,0,0.588,53,21
86,21,1,0.588,53,21
86,21,2,0.588,53,21
86,21,3,0.588,53,21
86,21,4,0.588,53,21
86,21,5,0.5586,53,21
86,21,6,0.5586,53,21
86,22,0,0.588,53,21
86,22,1,0.588,53,21
86,22,2,0.588,53,21
86,22,3,0.588,53,21
86,22,4,0.588,53,21
86,22,5,0.5586,53,21
86,22,6,0.5586,53,21
86,23,0,0.588,53,21
86,23,1,0.588,53,21
86,23,2,0.588,53,21
86,23,3,0.588,53,21
86,23,4,0.588,53,21
86,23,5,0.5586,53,21
86,23,6,0.5586,53,21
87,0,0,0.5989,71,25
87,0,1,0.5989,71,25
87,0,2,0.5989,71,25
87,0,3,0.5989,71,25
87,0,4,0.5989,71,25
87,0,5,0.569,71,25
87,0,6,0.569,71,25
87,1,0,0.5989,71,25
87,1,1,0.5989,71,25
87,1,2,0.5989,71,25
87,1,3,0.5989,71,25
87,1,4,0.5989,71,25
87,1,5,0.569,71,25
87,1,6,0.569,71,25
87,2,0,0.5989,71,25
87,2,1,0.5989,71,25
87,2,2,0.5989,71,25
87,2,3,0.5989,71,25
87,2,4,0.5989,71,25
87,2,5,0.569,71,25
87,2,6,0.569,71,25
87,3,0,0.5989,71,25
87,3,1,0.5989,71,25
87,3,2,0.5989,71,25
87,3,3,0.5989,71,25
87,3,4,0.5989,71,25
87,3,5,0.569,71,25
87,3,6,0.569,71,25
87,4,0,0.5989,71,25
87,4,1,0.5989,71,25
87,4,2,0.5989,71,25
87,4,3,0.5989,71,25
87,4,4,0.5989,71,25
87,4,5,0.569,71,25
87,4,6,0.569,71,25
87,5,0,0.5989,71,25
87,5,1,0.5989,71,25
87,5,2,0.5989,71,25
87,5,3,0.5989,71,25
87,5,4,0.5989,71,25
87,5,5,0.569,71,25
87,5,6,0.569,71,25
87,6,0,0.5989,71,25
87,6,1,0.5989,71,25
87,6,2,0.5989,71,25
87,6,3,0.5989,71,25
87,6,4,0.5989,71,25
87,6,5,0.569,71,25
87,6,6,0.569,71,25
87,7,0,0.7786,71,25
87,7,1,0.7786,71,25
87,7,2,0.7786,71,25
87,7,3,0.7786,71,25
87,7,4,0.7786,71,25
87,7,5,0.7396,71,25
87,7,6,0.7396,71,25
87,8,0,0.8983,71,25
87,8,1,0.8983,71,25
87,8,2,0.8983,71,25
87,8,3,0.8983,71,25
87,8,4,0.8983,71,25
87,8,5,0.8534,71,25
87,8,6,0.8534,71,25
87,9,0,0.8983,71,25
87,9,1,0.8983,71,25
87,9,2,0.8983,71,25
87,9,3,0.8983,71,25
87,9,4,0.8983,71,25
87,9,5,0.8534,71,25
87,9,6,0.8534,71,25
87,10,0,0.7187,71,25
87,10,1,0.7187,71,25
87,10,2,0.7187,71,25
87,10,3,0.7187,71,25
87,10,4,0.7187,71,25
87,10,5,0.6827,71,25
87,10,6,0.6827,71,25
87,11,0,0.5989,71,25
87,11,1,0.5989,71,25
87,11,2,0.5989,71,25
87,11,3,0.5989,71,25
87,11,4,0.5989,71,25
87,11,5,0.569,71,25
87,11,6,0.569,71,25
87,12,0,0.5989,71,25
87,12,1,0.5989,71,25
87,12,2,0.5989,71,25
87,12,3,0.5989,71,25
87,12,4,0.5989,71,25
87,12,5,0.569,71,25
87,12,6,0.569,71,25
87,13,0,0.5989,71,25
87,13,1,0.5989,71,25
87,13,2,0.5989,71,25
87,13,3,0.5989,71,25
87,13,4,0.5989,71,25
87,13,5,0.569,71,25
87,13,6,0.569,71,25
87,14,0,0.5989,71,25
87,14,1,0.5989,71,25
87,14,2,0.5989,71,25
87,14,3,0.5989,71,25
87,14,4,0.5989,71,25
87,14,5,0.569,71,25
87,14,6,0.569,71,25
87,15,0,0.5989,71,25
87,15,1,0.5989,71,25
87,15,2,0.5989,71,25
87,15,3,0.5989,71,25
87,15,4,0.5989,71,25
87,15,5,0.569,71,25
87,15,6,0.569,71,25
87,16,0,0.5989,71,25
87,16,1,0.5989,71,25
87,16,2,0.5989,71,25
87,16,3,0.5989,71,25
87,16,4,0.5989,71,25
87,16,5,0.569,71,25
87,16,6,0.569,71,25
87,17,0,0.7187,71,25
87,17,1,0.7187,71,25
87,17,2,0.7187,71,25
87,17,3,0.7187,71,25
87,17,4,0.7187,71,25
87,17,5,0.6827,71,25
87,17,6,0.6827,71,25
87,18,0,0.8983,71,25
87,18,1,0.8983,71,25
87,18,2,0.8983,71,25
87,18,3,0.8983,71,25
87,18,4,0.8983,71,25
87,18,5,0.8534,71,25
87,18,6,0.8534,71,25
87,19,0,0.8983,71,25
87,19,1,0.8983,71,25
87,19,2,0.8983,71,25
87,19,3,0.8983,71,25
87,19,4,0.8983,71,25
87,19,5,0.8534,71,25
87,19,6,0.8534,71,25
87,20,0,0.7786,71,25
87,20,1,0.7786,71,25
87,20,2,0.7786,71,25
87,20,3,0.7786,71,25
87,20,4,0.7786,71,25
87,20,5,0.7396,71,25
87,20,6,0.7396,71,25
87,21,0,0.5989,71,25
87,21,1,0.5989,71,25
87,21,2,0.5989,71,25
87,21,3,0.5989,71,25
87,21,4,0.5989,71,25
87,21,5,0.569,71,25
87,21,6,0.569,71,25
87,22,0,0.5989,71,25
87,22,1,0.5989,71,25
87,22,2,0.5989,71,25
87,22,3,0.5989,71,25
87,22,4,0.5989,71,25
87,22,5,0.569,71,25
87,22,6,0.569,71,25
87,23,0,0.5989,71,25
87,23,1,0.5989,71,25
87,23,2,0.5989,71,25
87,23,3,0.5989,71,25
87,23,4,0.5989,71,25
87,23,5,0.569,71,25
87,23,6,0.569,71,25
88,0,0,0.5763,507,50
88,0,1,0.5763,507,50
88,0,2,0.5763,507,50
88,0,3,0.5763,507,50
88,0,4,0.5763,507,50
88,0,5,0.5475,507,50
88,0,6,0.5475,507,50
88,1,0,0.5763,507,50
88,1,1,0.5763,507,50
88,1,2,0.5763,507,50
88,1,3,0.5763,507,50
88,1,4,0.5763,507,50
88,1,5,0.5475,507,50
88,1,6,0.5475,507,50
88,2,0,0.5763,507,50
88,2,1,0.5763,507,50
88,2,2,0.5763,507,50
88,2,3,0.5763,507,50
88,2,4,0.5763,507,50
88,2,5,0.5475,507,50
88,2,6,0.5475,507,50
88,3,0,0.5763,507,50
88,3,1,0.5763,507,50
88,3,2,0.5763,507,50
88,3,3,0.5763,507,50
88,3,4,0.5763,507,50
88,3,5,0.5475,507,50
88,3,6,0.5475,507,50
88,4,0,0.5763,507,50
88,4,1,0.5763,507,50
88,4,2,0.5763,507,50
88,4,3,0.5763,507,50
88,4,4,0.5763,507,50
88,4,5,0.5475,507,50
88,4,6,0.5475,507,50
88,5,0,0.5763,507,50
88,5,1,0.5763,507,50
88,5,2,0.5763,507,50
88,5,3,0.5763,507,50
88,5,4,0.5763,507,50
88,5,5,0.5475,507,50
88,5,6,0.5475,507,50
88,6,0,0.5763,507,50
88,6,1,0.5763,507,50
88,6,2,0.5763,507,50
88,6,3,0.5763,507,50
88,6,4,0.5763,507,50
88,6,5,0.5475,507,50
88,6,6,0.5475,507,50
88,7,0,0.7492,507,50
88,7,1,0.7492,507,50
88,7,2,0.7492,507,50
88,7,3,0.7492,507,50
88,7,4,0.7492,507,50
88,7,5,0.7117,507,50
88,7,6,0.7117,507,50
88,8,0,0.8645,507,50
88,8,1,0.8645,507,50
88,8,2,0.8645,507,50
88,8,3,0.8645,507,50
88,8,4,0.8645,507,50
88,8,5,0.8212,507,50
88,8,6,0.8212,507,50
88,9,0,0.8645,507,50
88,9,1,0.8645,507,50
88,9,2,0.8645,507,50
88,9,3,0.8645,507,50
88,9,4,0.8645,507,50
88,9,5,0.8212,507,50
88,9,6,0.8212,507,50
88,10,0,0.6916,507,50
88,10,1,0.6916,507,50
88,10,2,0.6916,507,50
88,10,3,0.6916,507,50
88,10,4,0.6916,507,50
88,10,5,0.657,507,50
88,10,6,0.657,507,50
88,11,0,0.5763,507,50
88,11,1,0.5763,507,50
88,11,2,0.5763,507,50
88,11,3,0.5763,507,50
88,11,4,0.5763,507,50
88,11,5,0.5475,507,50
88,11,6,0.5475,507,50
88,12,0,0.5763,507,50
88,12,1,0.5763,507,50
88,12,2,0.5763,507,50
88,12,3,0.5763,507,50
88,12,4,0.5763,507,50
88,12,5,0.5475,507,50
88,12,6,0.5475,507,50
88,13,0,0.5763,507,50
88,13,1,0.5763,507,50
88,13,2,0.5763,507,50
88,13,3,0.5763,507,50
88,13,4,0.5763,507,50
88,13,5,0.5475,507,50
88,13,6,0.5475,507,50
88,14,0,0.5763,507,50
88,14,1,0.5763,507,50
88,14,2,0.5763,507,50
88,14,3,0.5763,507,50
88,14,4,0.5763,507,50
88,14,5,0.5475,507,50
88,14,6,0.5475,507,50
88,15,0,0.5763,507,50
88,15,1,0.5763,507,50
88,15,2,0.5763,507,50
88,15,3,0.5763,507,50
88,15,4,0.5763,507,50
88,15,5,0.5475,507,50
88,15,6,0.5475,507,50
88,16,0,0.5763,507,50
88,16,1,0.5763,507,50
88,16,2,0.5763,507,50
88,16,3,0.5763,507,50
88,16,4,0.5763,507,50
88,16,5,0.5475,507,50
88,16,6,0.5475,507,50
88,17,0,0.6916,507,50
88,17,1,0.6916,507,50
88,17,2,0.6916,507,50
88,17,3,0.6916,507,50
88,17,4,0.6916,507,50
88,17,5,0.657,507,50
88,17,6,0.657,507,50
88,18,0,0.8645,507,50
88,18,1,0.8645,507,50
88,18,2,0.8645,507,50
88,18,3,0.8645,507,50
88,18,4,0.8645,507,50
88,18,5,0.8212,507,50
88,18,6,0.8212,507,50
88,19,0,0.8645,507,50
88,19,1,0.8645,507,50
88,19,2,0.8645,507,50
88,19,3,0.8645,507,50
88,19,4,0.8645,507,50
88,19,5,0.8212,507,50
88,19,6,0.8212,507,50
88,20,0,0.7492,507,50
88,20,1,0.7492,507,50
88,20,2,0.7492,507,50
88,20,3,0.7492,507,50
88,20,4,0.7492,507,50
88,20,5,0.7117,507,50
88,20,6,0.7117,507,50
88,21,0,0.5763,507,50
88,21,1,0.5763,507,50
88,21,2,0.5763,507,50
88,21,3,0.5763,507,50
88,21,4,0.5763,507,50
88,21,5,0.5475,507,50
88,21,6,0.5475,507,50
88,22,0,0.5763,507,50
88,22,1,0.5763,507,50
88,22,2,0.5763,507,50
88,22,3,0.5763,507,50
88,22,4,0.5763,507,50
88,22,5,0.5475,507,50
88,22,6,0.5475,507,50
88,23,0,0.5763,507,50
88,23,1,0.5763,507,50
88,23,2,0.5763,507,50
88,23,3,0.5763,507,50
88,23,4,0.5763,507,50
88,23,5,0.5475,507,50
88,23,6,0.5475,507,50
89,0,0,0.5526,47,11
89,0,1,0.5526,47,11
89,0,2,0.5526,47,11
89,0,3,0.5526,47,11
89,0,4,0.5526,47,11
89,0,5,0.525,47,11
89,0,6,0.525,47,11
89,1,0,0.5526,47,11
89,1,1,0.5526,47,11
89,1,2,0.5526,47,11
89,1,3,0.5526,47,11
89,1,4,0.5526,47,11
89,1,5,0.525,47,11
89,1,6,0.525,47,11
89,2,0,0.5526,47,11
89,2,1,0.5526,47,11
89,2,2,0.5526,47,11
89,2,3,0.5526,47,11
89,2,4,0.5526,47,11
89,2,5,0.525,47,11
89,2,6,0.525,47,11
89,3,0,0.5526,47,11
89,3,1,0.5526,47,11
89,3,2,0.5526,47,11
89,3,3,0.5526,47,11
89,3,4,0.5526,47,11
89,3,5,0.525,47,11
89,3,6,0.525,47,11
89,4,0,0.5526,47,11
89,4,1,0.5526,47,11
89,4,2,0.5526,47,11
89,4,3,0.5526,47,11
89,4,4,0.5526,47,11
89,4,5,0.525,47,11
89,4,6,0.525,47,11
89,5,0,0.5526,47,11
89,5,1,0.5526,47,11
89,5,2,0.5526,47,11
89,5,3,0.5526,47,11
89,5,4,0.5526,47,11
89,5,5,0.525,47,11
89,5,6,0.525,47,11
89,6,0,0.5526,47,11
89,6,1,0.5526,47,11
89,6,2,0.5526,47,11
89,6,3,0.5526,47,11
89,6,4,0.5526,47,11
89,6,5,0.525,47,11
89,6,6,0.525,47,11
89,7,0,0.7184,47,11
89,7,1,0.7184,47,11
89,7,2,0.7184,47,11
89,7,3,0.7184,47,11
89,7,4,0.7184,47,11
89,7,5,0.6825,47,11
89,7,6,0.6825,47,11
89,8,0,0.8289,47,11
89,8,1,0.8289,47,11
89,8,2,0.8289,47,11
89,8,3,0.8289,47,11
89,8,4,0.8289,47,11
89,8,5,0.7875,47,11
89,8,6,0.7875,47,11
89,9,0,0.8289,47,11
89,9,1,0.8289,47,11
89,9,2,0.8289,47,11
89,9,3,0.8289,47,11
89,9,4,0.8289,47,11
89,9,5,0.7875,47,11
89,9,6,0.7875,47,11
89,10,0,0.6631,47,11
89,10,1,0.6631,47,11
89,10,2,0.6631,47,11
89,10,3,0.6631,47,11
89,10,4,0.6631,47,11
89,10,5,0.63,47,11
89,10,6,0.63,47,11
89,11,0,0.5526,47,11
89,11,1,0.5526,47,11
89,11,2,0.5526,47,11
89,11,3,0.5526,47,11
89,11,4,0.5526,47,11
89,11,5,0.525,47,11
89,11,6,0.525,47,11
89,12,0,0.5526,47,11
89,12,1,0.5526,47,11
89,12,2,0.5526,47,11
89,12,3,0.5526,47,11
89,12,4,0.5526,47,11
89,12,5,0.525,47,11
89,12,6,0.525,47,11
89,13,0,0.5526,47,11
89,13,1,0.5526,47,11
89,13,2,0.5526,47,11
89,13,3,0.5526,47,11
89,13,4,0.5526,47,11
89,13,5,0.525,47,11
89,13,6,0.525,47,11
89,14,0,0.5526,47,11
89,14,1,0.5526,47,11
89,14,2,0.5526,47,11
89,14,3,0.5526,47,11
89,14,4,0.5526,47,11
89,14,5,0.525,47,11
89,14,6,0.525,47,11
89,15,0,0.5526,47,11
89,15,1,0.5526,47,11
89,15,2,0.5526,47,11
89,15,3,0.5526,47,11
89,15,4,0.5526,47,11
89,15,5,0.525,47,11
89,15,6,0.525,47,11
89,16,0,0.5526,47,11
89,16,1,0.5526,47,11
89,16,2,0.5526,47,11
89,16,3,0.5526,47,11
89,16,4,0.5526,47,11
89,16,5,0.525,47,11
89,16,6,0.525,47,11
89,17,0,0.6631,47,11
89,17,1,0.6631,47,11
89,17,2,0.6631,47,11
89,17,3,0.6631,47,11
89,17,4,0.6631,47,11
89,17,5,0.63,47,11
89,17,6,0.63,47,11
89,18,0,0.8289,47,11
89,18,1,0.8289,47,11
89,18,2,0.8289,47,11
89,18,3,0.8289,47,11
89,18,4,0.8289,47,11
89,18,5,0.7875,47,11
89,18,6,0.7875,47,11
89,19,0,0.8289,47,11
89,19,1,0.8289,47,11
89,19,2,0.8289,47,11
89,19,3,0.8289,47,11
89,19,4,0.8289,47,11
89,19,5,0.7875,47,11
89,19,6,0.7875,47,11
89,20,0,0.7184,47,11
89,20,1,0.7184,47,11
89,20,2,0.7184,47,11
89,20,3,0.7184,47,11
89,20,4,0.7184,47,11
89,20,5,0.6825,47,11
89,20,6,0.6825,47,11
89,21,0,0.5526,47,11
89,21,1,0.5526,47,11
89,21,2,0.5526,47,11
89,21,3,0.5526,47,11
89,21,4,0.5526,47,11
89,21,5,0.525,47,11
89,21,6,0.525,47,11
89,22,0,0.5526,47,11
89,22,1,0.5526,47,11
89,22,2,0.5526,47,11
89,22,3,0.5526,47,11
89,22,4,0.5526,47,11
89,22,5,0.525,47,11
89,22,6,0.525,47,11
89,23,0,0.5526,47,11
89,23,1,0.5526,47,11
89,23,2,0.5526,47,11
89,23,3,0.5526,47,11
89,23,4,0.5526,47,11
89,23,5,0.525,47,11
89,23,6,0.525,47,11
103,0,0,0.5589,63,15
103,0,1,0.5589,63,15
103,0,2,0.5589,63,15
103,0,3,0.5589,63,15
103,0,4,0.5589,63,15
103,0,5,0.531,63,15
103,0,6,0.531,63,15
103,1,0,0.5589,63,15
103,1,1,0.5589,63,15
103,1,2,0.5589,63,15
103,1,3,0.5589,63,15
103,1,4,0.5589,63,15
103,1,5,0.531,63,15
103,1,6,0.531,63,15
103,2,0,0.5589,63,15
103,2,1,0.5589,63,15
103,2,2,0.5589,63,15
103,2,3,0.5589,63,15
103,2,4,0.5589,63,15
103,2,5,0.531,63,15
103,2,6,0.531,63,15
103,3,0,0.5589,63,15
103,3,1,0.5589,63,15
103,3,2,0.5589,63,15
103,3,3,0.5589,63,15
103,3,4,0.5589,63,15
103,3,5,0.531,63,15
103,3,6,0.531,63,15
103,4,0,0.5589,63,15
103,4,1,0.5589,63,15
103,4,2,0.5589,63,15
103,4,3,0.5589,63,15
103,4,4,0.5589,63,15
103,4,5,0.531,63,15
103,4,6,0.531,63,15
103,5,0,0.5589,63,15
103,5,1,0.5589,63,15
103,5,2,0.5589,63,15
103,5,3,0.5589,63,15
103,5,4,0.5589,63,15
103,5,5,0.531,63,15
103,5,6,0.531,63,15
103,6,0,0.5589,63,15
103,6,1,0.5589,63,15
103,6,2,0.5589,63,15
103,6,3,0.5589,63,15
103,6,4,0.5589,63,15
103,6,5,0.531,63,15
103,6,6,0.531,63,15
103,7,0,0.7266,63,15
103,7,1,0.7266,63,15
103,7,2,0.7266,63,15
103,7,3,0.7266,63,15
103,7,4,0.7266,63,15
103,7,5,0.6902,63,15
103,7,6,0.6902,63,15
103,8,0,0.8383,63,15
103,8,1,0.8383,63,15
103,8,2,0.8383,63,15
103,8,3,0.8383,63,15
103,8,4,0.8383,63,15
103,8,5,0.7964,63,15
103,8,6,0.7964,63,15
103,9,0,0.8383,63,15
103,9,1,0.8383,63,15
103,9,2,0.8383,63,15
103,9,3,0.8383,63,15
103,9,4,0.8383,63,15
103,9,5,0.7964,63,15
103,9,6,0.7964,63,15
103,10,0,0.6707,63,15
103,10,1,0.6707,63,15
103,10,2,0.6707,63,15
103,10,3,0.6707,63,15
103,10,4,0.6707,63,15
103,10,5,0.6371,63,15
103,10,6,0.6371,63,15
103,11,0,0.5589,63,15
103,11,1,0.5589,63,15
103,11,2,0.5589,63,15
103,11,3,0.5589,63,15
103,11,4,0.5589,63,15
103,11,5,0.531,63,15
103,11,6,0.531,63,15
103,12,0,0.5589,63,15
103,12,1,0.5589,63,15
103,12,2,0.5589,63,15
103,12,3,0.5589,63,15
103,12,4,0.5589,63,15
103,12,5,0.531,63,15
103,12,6,0.531,63,15
103,13,0,0.5589,63,15
103,13,1,0.5589,63,15
103,13,2,0.5589,63,15
103,13,3,0.5589,63,15
103,13,4,0.5589,63,15
103,13,5,0.531,63,15
103,13,6,0.531,63,15
103,14,0,0.5589,63,15
103,14,1,0.5589,63,15
103,14,2,0.5589,63,15
103,14,3,0.5589,63,15
103,14,4,0.5589,63,15
103,14,5,0.531,63,15
103,14,6,0.531,63,15
103,15,0,0.5589,63,15
103,15,1,0.5589,63,15
103,15,2,0.5589,63,15
103,15,3,0.5589,63,15
103,15,4,0.5589,63,15
103,15,5,0.531,63,15
103,15,6,0.531,63,15
103,16,0,0.5589,63,15
103,16,1,0.5589,63,15
103,16,2,0.5589,63,15
103,16,3,0.5589,63,15
103,16,4,0.5589,63,15
103,16,5,0.531,63,15
103,16,6,0.531,63,15
103,17,0,0.6707,63,15
103,17,1,0.6707,63,15
103,17,2,0.6707,63,15
103,17,3,0.6707,63,15
103,17,4,0.6707,63,15
103,17,5,0.6371,63,15
103,17,6,0.6371,63,15
103,18,0,0.8383,63,15
103,18,1,0.8383,63,15
103,18,2,0.8383,63,15
103,18,3,0.8383,63,15
103,18,4,0.8383,63,15
103,18,5,0.7964,63,15
103,18,6,0.7964,63,15
103,19,0,0.8383,63,15
103,19,1,0.8383,63,15
103,19,2,0.8383,63,15
103,19,3,0.8383,63,15
103,19,4,0.8383,63,15
103,19,5,0.7964,63,15
103,19,6,0.7964,63,15
103,20,0,0.7266,63,15
103,20,1,0.7266,63,15
103,20,2,0.7266,63,15
103,20,3,0.7266,63,15
103,20,4,0.7266,63,15
103,20,5,0.6902,63,15
103,20,6,0.6902,63,15
103,21,0,0.5589,63,15
103,21,1,0.5589,63,15
103,21,2,0.5589,63,15
103,21,3,0.5589,63,15
103,21,4,0.5589,63,15
103,21,5,0.531,63,15
103,21,6,0.531,63,15
103,22,0,0.5589,63,15
103,22,1,0.5589,63,15
103,22,2,0.5589,63,15
103,22,3,0.5589,63,15
103,22,4,0.5589,63,15
103,22,5,0.531,63,15
103,22,6,0.531,63,15
103,23,0,0.5589,63,15
103,23,1,0.5589,63,15
103,23,2,0.5589,63,15
103,23,3,0.5589,63,15
103,23,4,0.5589,63,15
103,23,5,0.531,63,15
103,23,6,0.531,63,15
104,0,0,0.6237,35,2
104,0,1,0.6237,35,2
104,0,2,0.6237,35,2
104,0,3,0.6237,35,2
104,0,4,0.6237,35,2
104,0,5,0.5925,35,2
104,0,6,0.5925,35,2
104,1,0,0.6237,35,2
104,1,1,0.6237,35,2
104,1,2,0.6237,35,2
104,1,3,0.6237,35,2
104,1,4,0.6237,35,2
104,1,5,0.5925,35,2
104,1,6,0.5925,35,2
104,2,0,0.6237,35,2
104,2,1,0.6237,35,2
104,2,2,0.6237,35,2
104,2,3,0.6237,35,2
104,2,4,0.6237,35,2
104,2,5,0.5925,35,2
104,2,6,0.5925,35,2
104,3,0,0.6237,35,2
104,3,1,0.6237,35,2
104,3,2,0.6237,35,2
104,3,3,0.6237,35,2
104,3,4,0.6237,35,2
104,3,5,0.5925,35,2
104,3,6,0.5925,35,2
104,4,0,0.6237,35,2
104,4,1,0.6237,35,2
104,4,2,0.6237,35,2
104,4,3,0.6237,35,2
104,4,4,0.6237,35,2
104,4,5,0.5925,35,2
104,4,6,0.5925,35,2
104,5,0,0.6237,35,2
104,5,1,0.6237,35,2
104,5,2,0.6237,35,2
104,5,3,0.6237,35,2
104,5,4,0.6237,35,2
104,5,5,0.5925,35,2
104,5,6,0.5925,35,2
104,6,0,0.6237,35,2
104,6,1,0.6237,35,2
104,6,2,0.6237,35,2
104,6,3,0.6237,35,2
104,6,4,0.6237,35,2
104,6,5,0.5925,35,2
104,6,6,0.5925,35,2
104,7,0,0.8108,35,2
104,7,1,0.8108,35,2
104,7,2,0.8108,35,2
104,7,3,0.8108,35,2
104,7,4,0.8108,35,2
104,7,5,0.7703,35,2
104,7,6,0.7703,35,2
104,8,0,0.9356,35,2
104,8,1,0.9356,35,2
104,8,2,0.9356,35,2
104,8,3,0.9356,35,2
104,8,4,0.9356,35,2
104,8,5,0.8888,35,2
104,8,6,0.8888,35,2
104,9,0,0.9356,35,2
104,9,1,0.9356,35,2
104,9,2,0.9356,35,2
104,9,3,0.9356,35,2
104,9,4,0.9356,35,2
104,9,5,0.8888,35,2
104,9,6,0.8888,35,2
104,10,0,0.7484,35,2
104,10,1,0.7484,35,2
104,10,2,0.7484,35,2
104,10,3,0.7484,35,2
104,10,4,0.7484,35,2
104,10,5,0.711,35,2
104,10,6,0.711,35,2
104,11,0,0.6237,35,2
104,11,1,0.6237,35,2
104,11,2,0.6237,35,2
104,11,3,0.6237,35,2
104,11,4,0.6237,35,2
104,11,5,0.5925,35,2
104,11,6,0.5925,35,2
104,12,0,0.6237,35,2
104,12,1,0.6237,35,2
104,12,2,0.6237,35,2
104,12,3,0.6237,35,2
104,12,4,0.6237,35,2
104,12,5,0.5925,35,2
104,12,6,0.5925,35,2
104,13,0,0.6237,35,2
104,13,1,0.6237,35,2
104,13,2,0.6237,35,2
104,13,3,0.6237,35,2
104,13,4,0.6237,35,2
104,13,5,0.5925,35,2
104,13,6,0.5925,35,2
104,14,0,0.6237,35,2
104,14,1,0.6237,35,2
104,14,2,0.6237,35,2
104,14,3,0.6237,35,2
104,14,4,0.6237,35,2
104,14,5,0.5925,35,2
104,14,6,0.5925,35,2
104,15,0,0.6237,35,2
104,15,1,0.6237,35,2
104,15,2,0.6237,35,2
104,15,3,0.6237,35,2
104,15,4,0.6237,35,2
104,15,5,0.5925,35,2
104,15,6,0.5925,35,2
104,16,0,0.6237,35,2
104,16,1,0.6237,35,2
104,16,2,0.6237,35,2
104,16,3,0.6237,35,2
104,16,4,0.6237,35,2
104,16,5,0.5925,35,2
104,16,6,0.5925,35,2
104,17,0,0.7484,35,2
104,17,1,0.7484,35,2
104,17,2,0.7484,35,2
104,17,3,0.7484,35,2
104,17,4,0.7484,35,2
104,17,5,0.711,35,2
104,17,6,0.711,35,2
104,18,0,0.9356,35,2
104,18,1,0.9356,35,2
104,18,2,0.9356,35,2
104,18,3,0.9356,35,2
104,18,4,0.9356,35,2
104,18,5,0.8888,35,2
104,18,6,0.8888,35,2
104,19,0,0.9356,35,2
104,19,1,0.9356,35,2
104,19,2,0.9356,35,2
104,19,3,0.9356,35,2
104,19,4,0.9356,35,2
104,19,5,0.8888,35,2
104,19,6,0.8888,35,2
104,20,0,0.8108,35,2
104,20,1,0.8108,35,2
104,20,2,0.8108,35,2
104,20,3,0.8108,35,2
104,20,4,0.8108,35,2
104,20,5,0.7703,35,2
104,20,6,0.7703,35,2
104,21,0,0.6237,35,2
104,21,1,0.6237,35,2
104,21,2,0.6237,35,2
104,21,3,0.6237,35,2
104,21,4,0.6237,35,2
104,21,5,0.5925,35,2
104,21,6,0.5925,35,2
104,22,0,0.6237,35,2
104,22,1,0.6237,35,2
104,22,2,0.6237,35,2
104,22,3,0.6237,35,2
104,22,4,0.6237,35,2
104,22,5,0.5925,35,2
104,22,6,0.5925,35,2
104,23,0,0.6237,35,2
104,23,1,0.6237,35,2
104,23,2,0.6237,35,2
104,23,3,0.6237,35,2
104,23,4,0.6237,35,2
104,23,5,0.5925,35,2
104,23,6,0.5925,35,2
105,0,0,0.6022,15,1
105,0,1,0.6022,15,1
105,0,2,0.6022,15,1
105,0,3,0.6022,15,1
105,0,4,0.6022,15,1
105,0,5,0.5721,15,1
105,0,6,0.5721,15,1
105,1,0,0.6022,15,1
105,1,1,0.6022,15,1
105,1,2,0.6022,15,1
105,1,3,0.6022,15,1
105,1,4,0.6022,15,1
105,1,5,0.5721,15,1
105,1,6,0.5721,15,1
105,2,0,0.6022,15,1
105,2,1,0.6022,15,1
105,2,2,0.6022,15,1
105,2,3,0.6022,15,1
105,2,4,0.6022,15,1
105,2,5,0.5721,15,1
105,2,6,0.5721,15,1
105,3,0,0.6022,15,1
105,3,1,0.6022,15,1
105,3,2,0.6022,15,1
105,3,3,0.6022,15,1
105,3,4,0.6022,15,1
105,3,5,0.5721,15,1
105,3,6,0.5721,15,1
105,4,0,0.6022,15,1
105,4,1,0.6022,15,1
105,4,2,0.6022,15,1
105,4,3,0.6022,15,1
105,4,4,0.6022,15,1
105,4,5,0.5721,15,1
105,4,6,0.5721,15,1
105,5,0,0.6022,15,1
105,5,1,0.6022,15,1
105,5,2,0.6022,15,1
105,5,3,0.6022,15,1
105,5,4,0.6022,15,1
105,5,5,0.5721,15,1
105,5,6,0.5721,15,1
105,6,0,0.6022,15,1
105,6,1,0.6022,15,1
105,6,2,0.6022,15,1
105,6,3,0.6022,15,1
105,6,4,0.6022,15,1
105,6,5,0.5721,15,1
105,6,6,0.5721,15,1
105,7,0,0.7829,15,1
105,7,1,0.7829,15,1
105,7,2,0.7829,15,1
105,7,3,0.7829,15,1
105,7,4,0.7829,15,1
105,7,5,0.7437,15,1
105,7,6,0.7437,15,1
105,8,0,0.9033,15,1
105,8,1,0.9033,15,1
105,8,2,0.9033,15,1
105,8,3,0.9033,15,1
105,8,4,0.9033,15,1
105,8,5,0.8581,15,1
105,8,6,0.8581,15,1
105,9,0,0.9033,15,1
105,9,1,0.9033,15,1
105,9,2,0.9033,15,1
105,9,3,0.9033,15,1
105,9,4,0.9033,15,1
105,9,5,0.8581,15,1
105,9,6,0.8581,15,1
105,10,0,0.7226,15,1
105,10,1,0.7226,15,1
105,10,2,0.7226,15,1
105,10,3,0.7226,15,1
105,10,4,0.7226,15,1
105,10,5,0.6865,15,1
105,10,6,0.6865,15,1
105,11,0,0.6022,15,1
105,11,1,0.6022,15,1
105,11,2,0.6022,15,1
105,11,3,0.6022,15,1
105,11,4,0.6022,15,1
105,11,5,0.5721,15,1
105,11,6,0.5721,15,1
105,12,0,0.6022,15,1
105,12,1,0.6022,15,1
105,12,2,0.6022,15,1
105,12,3,0.6022,15,1
105,12,4,0.6022,15,1
105,12,5,0.5721,15,1
105,12,6,0.5721,15,1
105,13,0,0.6022,15,1
105,13,1,0.6022,15,1
105,13,2,0.6022,15,1
105,13,3,0.6022,15,1
105,13,4,0.6022,15,1
105,13,5,0.5721,15,1
105,13,6,0.5721,15,1
105,14,0,0.6022,15,1
105,14,1,0.6022,15,1
105,14,2,0.6022,15,1
105,14,3,0.6022,15,1
105,14,4,0.6022,15,1
105,14,5,0.5721,15,1
105,14,6,0.5721,15,1
105,15,0,0.6022,15,1
105,15,1,0.6022,15,1
105,15,2,0.6022,15,1
105,15,3,0.6022,15,1
105,15,4,0.6022,15,1
105,15,5,0.5721,15,1
105,15,6,0.5721,15,1
105,16,0,0.6022,15,1
105,16,1,0.6022,15,1
105,16,2,0.6022,15,1
105,16,3,0.6022,15,1
105,16,4,0.6022,15,1
105,16,5,0.5721,15,1
105,16,6,0.5721,15,1
105,17,0,0.7226,15,1
105,17,1,0.7226,15,1
105,17,2,0.7226,15,1
105,17,3,0.7226,15,1
105,17,4,0.7226,15,1
105,17,5,0.6865,15,1
105,17,6,0.6865,15,1
105,18,0,0.9033,15,1
105,18,1,0.9033,15,1
105,18,2,0.9033,15,1
105,18,3,0.9033,15,1
105,18,4,0.9033,15,1
105,18,5,0.8581,15,1
105,18,6,0.8581,15,1
105,19,0,0.9033,15,1
105,19,1,0.9033,15,1
105,19,2,0.9033,15,1
105,19,3,0.9033,15,1
105,19,4,0.9033,15,1
105,19,5,0.8581,15,1
105,19,6,0.8581,15,1
105,20,0,0.7829,15,1
105,20,1,0.7829,15,1
105,20,2,0.7829,15,1
105,20,3,0.7829,15,1
105,20,4,0.7829,15,1
105,20,5,0.7437,15,1
105,20,6,0.7437,15,1
105,21,0,0.6022,15,1
105,21,1,0.6022,15,1
105,21,2,0.6022,15,1
105,21,3,0.6022,15,1
105,21,4,0.6022,15,1
105,21,5,0.5721,15,1
105,21,6,0.5721,15,1
105,22,0,0.6022,15,1
105,22,1,0.6022,15,1
105,22,2,0.6022,15,1
105,22,3,0.6022,15,1
105,22,4,0.6022,15,1
105,22,5,0.5721,15,1
105,22,6,0.5721,15,1
105,23,0,0.6022,15,1
105,23,1,0.6022,15,1
105,23,2,0.6022,15,1
105,23,3,0.6022,15,1
105,23,4,0.6022,15,1
105,23,5,0.5721,15,1
105,23,6,0.5721,15,1
106,0,0,0.5531,17,4
106,0,1,0.5531,17,4
106,0,2,0.5531,17,4
106,0,3,0.5531,17,4
106,0,4,0.5531,17,4
106,0,5,0.5254,17,4
106,0,6,0.5254,17,4
106,1,0,0.5531,17,4
106,1,1,0.5531,17,4
106,1,2,0.5531,17,4
106,1,3,0.5531,17,4
106,1,4,0.5531,17,4
106,1,5,0.5254,17,4
106,1,6,0.5254,17,4
106,2,0,0.5531,17,4
106,2,1,0.5531,17,4
106,2,2,0.5531,17,4
106,2,3,0.5531,17,4
106,2,4,0.5531,17,4
106,2,5,0.5254,17,4
106,2,6,0.5254,17,4
106,3,0,0.5531,17,4
106,3,1,0.5531,17,4
106,3,2,0.5531,17,4
106,3,3,0.5531,17,4
106,3,4,0.5531,17,4
106,3,5,0.5254,17,4
106,3,6,0.5254,17,4
106,4,0,0.5531,17,4
106,4,1,0.5531,17,4
106,4,2,0.5531,17,4
106,4,3,0.5531,17,4
106,4,4,0.5531,17,4
106,4,5,0.5254,17,4
106,4,6,0.5254,17,4
106,5,0,0.5531,17,4
106,5,1,0.5531,17,4
106,5,2,0.5531,17,4
106,5,3,0.5531,17,4
106,5,4,0.5531,17,4
106,5,5,0.5254,17,4
106,5,6,0.5254,17,4
106,6,0,0.5531,17,4
106,6,1,0.5531,17,4
106,6,2,0.5531,17,4
106,6,3,0.5531,17,4
106,6,4,0.5531,17,4
106,6,5,0.5254,17,4
106,6,6,0.5254,17,4
106,7,0,0.719,17,4
106,7,1,0.719,17,4
106,7,2,0.719,17,4
106,7,3,0.719,17,4
106,7,4,0.719,17,4
106,7,5,0.6831,17,4
106,7,6,0.6831,17,4
106,8,0,0.8296,17,4
106,8,1,0.8296,17,4
106,8,2,0.8296,17,4
106,8,3,0.8296,17,4
106,8,4,0.8296,17,4
106,8,5,0.7882,17,4
106,8,6,0.7882,17,4
106,9,0,0.8296,17,4
106,9,1,0.8296,17,4
106,9,2,0.8296,17,4
106,9,3,0.8296,17,4
106,9,4,0.8296,17,4
106,9,5,0.7882,17,4
106,9,6,0.7882,17,4
106,10,0,0.6637,17,4
106,10,1,0.6637,17,4
106,10,2,0.6637,17,4
106,10,3,0.6637,17,4
106,10,4,0.6637,17,4
106,10,5,0.6305,17,4
106,10,6,0.6305,17,4
106,11,0,0.5531,17,4
106,11,1,0.5531,17,4
106,11,2,0.5531,17,4
106,11,3,0.5531,17,4
106,11,4,0.5531,17,4
106,11,5,0.5254,17,4
106,11,6,0.5254,17,4
106,12,0,0.5531,17,4
106,12,1,0.5531,17,4
106,12,2,0.5531,17,4
106,12,3,0.5531,17,4
106,12,4,0.5531,17,4
106,12,5,0.5254,17,4
106,12,6,0.5254,17,4
106,13,0,0.5531,17,4
106,13,1,0.5531,17,4
106,13,2,0.5531,17,4
106,13,3,0.5531,17,4
106,13,4,0.5531,17,4
106,13,5,0.5254,17,4
106,13,6,0.5254,17,4
106,14,0,0.5531,17,4
106,14,1,0.5531,17,4
106,14,2,0.5531,17,4
106,14,3,0.5531,17,4
106,14,4,0.5531,17,4
106,14,5,0.5254,17,4
106,14,6,0.5254,17,4
106,15,0,0.5531,17,4
106,15,1,0.5531,17,4
106,15,2,0.5531,17,4
106,15,3,0.5531,17,4
106,15,4,0.5531,17,4
106,15,5,0.5254,17,4
106,15,6,0.5254,17,4
106,16,0,0.5531,17,4
106,16,1,0.5531,17,4
106,16,2,0.5531,17,4
106,16,3,0.5531,17,4
106,16,4,0.5531,17,4
106,16,5,0.5254,17,4
106,16,6,0.5254,17,4
106,17,0,0.6637,17,4
106,17,1,0.6637,17,4
106,17,2,0.6637,17,4
106,17,3,0.6637,17,4
106,17,4,0.6637,17,4
106,17,5,0.6305,17,4
106,17,6,0.6305,17,4
106,18,0,0.8296,17,4
106,18,1,0.8296,17,4
106,18,2,0.8296,17,4
106,18,3,0.8296,17,4
106,18,4,0.8296,17,4
106,18,5,0.7882,17,4
106,18,6,0.7882,17,4
106,19,0,0.8296,17,4
106,19,1,0.8296,17,4
106,19,2,0.8296,17,4
106,19,3,0.8296,17,4
106,19,4,0.8296,17,4
106,19,5,0.7882,17,4
106,19,6,0.7882,17,4
106,20,0,0.719,17,4
106,20,1,0.719,17,4
106,20,2,0.719,17,4
106,20,3,0.719,17,4
106,20,4,0.719,17,4
106,20,5,0.6831,17,4
106,20,6,0.6831,17,4
106,21,0,0.5531,17,4
106,21,1,0.5531,17,4
106,21,2,0.5531,17,4
106,21,3,0.5531,17,4
106,21,4,0.5531,17,4
106,21,5,0.5254,17,4
106,21,6,0.5254,17,4
106,22,0,0.5531,17,4
106,22,1,0.5531,17,4
106,22,2,0.5531,17,4
106,22,3,0.5531,17,4
106,22,4,0.5531,17,4
106,22,5,0.5254,17,4
106,22,6,0.5254,17,4
106,23,0,0.5531,17,4
106,23,1,0.5531,17,4
106,23,2,0.5531,17,4
106,23,3,0.5531,17,4
106,23,4,0.5531,17,4
106,23,5,0.5254,17,4
106,23,6,0.5254,17,4
107,0,0,0.5835,64,4
107,0,1,0.5835,64,4
107,0,2,0.5835,64,4
107,0,3,0.5835,64,4
107,0,4,0.5835,64,4
107,0,5,0.5543,64,4
107,0,6,0.5543,64,4
107,1,0,0.5835,64,4
107,1,1,0.5835,64,4
107,1,2,0.5835,64,4
107,1,3,0.5835,64,4
107,1,4,0.5835,64,4
107,1,5,0.5543,64,4
107,1,6,0.5543,64,4
107,2,0,0.5835,64,4
107,2,1,0.5835,64,4
107,2,2,0.5835,64,4
107,2,3,0.5835,64,4
107,2,4,0.5835,64,4
107,2,5,0.5543,64,4
107,2,6,0.5543,64,4
107,3,0,0.5835,64,4
107,3,1,0.5835,64,4
107,3,2,0.5835,64,4
107,3,3,0.5835,64,4
107,3,4,0.5835,64,4
107,3,5,0.5543,64,4
107,3,6,0.5543,64,4
107,4,0,0.5835,64,4
107,4,1,0.5835,64,4
107,4,2,0.5835,64,4
107,4,3,0.5835,64,4
107,4,4,0.5835,64,4
107,4,5,0.5543,64,4
107,4,6,0.5543,64,4
107,5,0,0.5835,64,4
107,5,1,0.5835,64,4
107,5,2,0.5835,64,4
107,5,3,0.5835,64,4
107,5,4,0.5835,64,4
107,5,5,0.5543,64,4
107,5,6,0.5543,64,4
107,6,0,0.5835,64,4
107,6,1,0.5835,64,4
107,6,2,0.5835,64,4
107,6,3,0.5835,64,4
107,6,4,0.5835,64,4
107,6,5,0.5543,64,4
107,6,6,0.5543,64,4
107,7,0,0.7586,64,4
107,7,1,0.7586,64,4
107,7,2,0.7586,64,4
107,7,3,0.7586,64,4
107,7,4,0.7586,64,4
107,7,5,0.7206,64,4
107,7,6,0.7206,64,4
107,8,0,0.8753,64,4
107,8,1,0.8753,64,4
107,8,2,0.8753,64,4
107,8,3,0.8753,64,4
107,8,4,0.8753,64,4
107,8,5,0.8315,64,4
107,8,6,0.8315,64,4
107,9,0,0.8753,64,4
107,9,1,0.8753,64,4
107,9,2,0.8753,64,4
107,9,3,0.8753,64,4
107,9,4,0.8753,64,4
107,9,5,0.8315,64,4
107,9,6,0.8315,64,4
107,10,0,0.7002,64,4
107,10,1,0.7002,64,4
107,10,2,0.7002,64,4
107,10,3,0.7002,64,4
107,10,4,0.7002,64,4
107,10,5,0.6652,64,4
107,10,6,0.6652,64,4
107,11,0,0.5835,64,4
107,11,1,0.5835,64,4
107,11,2,0.5835,64,4
107,11,3,0.5835,64,4
107,11,4,0.5835,64,4
107,11,5,0.5543,64,4
107,11,6,0.5543,64,4
107,12,0,0.5835,64,4
107,12,1,0.5835,64,4
107,12,2,0.5835,64,4
107,12,3,0.5835,64,4
107,12,4,0.5835,64,4
107,12,5,0.5543,64,4
107,12,6,0.5543,64,4
107,13,0,0.5835,64,4
107,13,1,0.5835,64,4
107,13,2,0.5835,64,4
107,13,3,0.5835,64,4
107,13,4,0.5835,64,4
107,13,5,0.5543,64,4
107,13,6,0.5543,64,4
107,14,0,0.5835,64,4
107,14,1,0.5835,64,4
107,14,2,0.5835,64,4
107,14,3,0.5835,64,4
107,14,4,0.5835,64,4
107,14,5,0.5543,64,4
107,14,6,0.5543,64,4
107,15,0,0.5835,64,4
107,15,1,0.5835,64,4
107,15,2,0.5835,64,4
107,15,3,0.5835,64,4
107,15,4,0.5835,64,4
107,15,5,0.5543,64,4
107,15,6,0.5543,64,4
107,16,0,0.5835,64,4
107,16,1,0.5835,64,4
107,16,2,0.5835,64,4
107,16,3,0.5835,64,4
107,16,4,0.5835,64,4
107,16,5,0.5543,64,4
107,16,6,0.5543,64,4
107,17,0,0.7002,64,4
107,17,1,0.7002,64,4
107,17,2,0.7002,64,4
107,17,3,0.7002,64,4
107,17,4,0.7002,64,4
107,17,5,0.6652,64,4
107,17,6,0.6652,64,4
107,18,0,0.8753,64,4
107,18,1,0.8753,64,4
107,18,2,0.8753,64,4
107,18,3,0.8753,64,4
107,18,4,0.8753,64,4
107,18,5,0.8315,64,4
107,18,6,0.8315,64,4
107,19,0,0.8753,64,4
107,19,1,0.8753,64,4
107,19,2,0.8753,64,4
107,19,3,0.8753,64,4
107,19,4,0.8753,64,4
107,19,5,0.8315,64,4
107,19,6,0.8315,64,4
107,20,0,0.7586,64,4
107,20,1,0.7586,64,4
107,20,2,0.7586,64,4
107,20,3,0.7586,64,4
107,20,4,0.7586,64,4
107,20,5,0.7206,64,4
107,20,6,0.7206,64,4
107,21,0,0.5835,64,4
107,21,1,0.5835,64,4
107,21,2,0.5835,64,4
107,21,3,0.5835,64,4
107,21,4,0.5835,64,4
107,21,5,0.5543,64,4
107,21,6,0.5543,64,4
107,22,0,0.5835,64,4
107,22,1,0.5835,64,4
107,22,2,0.5835,64,4
107,22,3,0.5835,64,4
107,22,4,0.5835,64,4
107,22,5,0.5543,64,4
107,22,6,0.5543,64,4
107,23,0,0.5835,64,4
107,23,1,0.5835,64,4
107,23,2,0.5835,64,4
107,23,3,0.5835,64,4
107,23,4,0.5835,64,4
107,23,5,0.5543,64,4
107,23,6,0.5543,64,4
108,0,0,0.559,52,13
108,0,1,0.559,52,13
108,0,2,0.559,52,13
108,0,3,0.559,52,13
108,0,4,0.559,52,13
108,0,5,0.5311,52,13
108,0,6,0.5311,52,13
108,1,0,0.559,52,13
108,1,1,0.559,52,13
108,1,2,0.559,52,13
108,1,3,0.559,52,13
108,1,4,0.559,52,13
108,1,5,0.5311,52,13
108,1,6,0.5311,52,13
108,2,0,0.559,52,13
108,2,1,0.559,52,13
108,2,2,0.559,52,13
108,2,3,0.559,52,13
108,2,4,0.559,52,13
108,2,5,0.5311,52,13
108,2,6,0.5311,52,13
108,3,0,0.559,52,13
108,3,1,0.559,52,13
108,3,2,0.559,52,13
108,3,3,0.559,52,13
108,3,4,0.559,52,13
108,3,5,0.5311,52,13
108,3,6,0.5311,52,13
108,4,0,0.559,52,13
108,4,1,0.559,52,13
108,4,2,0.559,52,13
108,4,3,0.559,52,13
108,4,4,0.559,52,13
108,4,5,0.5311,52,13
108,4,6,0.5311,52,13
108,5,0,0.559,52,13
108,5,1,0.559,52,13
108,5,2,0.559,52,13
108,5,3,0.559,52,13
108,5,4,0.559,52,13
108,5,5,0.5311,52,13
108,5,6,0.5311,52,13
108,6,0,0.559,52,13
108,6,1,0.559,52,13
108,6,2,0.559,52,13
108,6,3,0.559,52,13
108,6,4,0.559,52,13
108,6,5,0.5311,52,13
108,6,6,0.5311,52,13
108,7,0,0.7267,52,13
108,7,1,0.7267,52,13
108,7,2,0.7267,52,13
108,7,3,0.7267,52,13
108,7,4,0.7267,52,13
108,7,5,0.6904,52,13
108,7,6,0.6904,52,13
108,8,0,0.8385,52,13
108,8,1,0.8385,52,13
108,8,2,0.8385,52,13
108,8,3,0.8385,52,13
108,8,4,0.8385,52,13
108,8,5,0.7966,52,13
108,8,6,0.7966,52,13
108,9,0,0.8385,52,13
108,9,1,0.8385,52,13
108,9,2,0.8385,52,13
108,9,3,0.8385,52,13
108,9,4,0.8385,52,13
108,9,5,0.7966,52,13
108,9,6,0.7966,52,13
108,10,0,0.6708,52,13
108,10,1,0.6708,52,13
108,10,2,0.6708,52,13
108,10,3,0.6708,52,13
108,10,4,0.6708,52,13
108,10,5,0.6373,52,13
108,10,6,0.6373,52,13
108,11,0,0.559,52,13
108,11,1,0.559,52,13
108,11,2,0.559,52,13
108,11,3,0.559,52,13
108,11,4,0.559,52,13
108,11,5,0.5311,52,13
108,11,6,0.5311,52,13
108,12,0,0.559,52,13
108,12,1,0.559,52,13
108,12,2,0.559,52,13
108,12,3,0.559,52,13
108,12,4,0.559,52,13
108,12,5,0.5311,52,13
108,12,6,0.5311,52,13
108,13,0,0.559,52,13
108,13,1,0.559,52,13
108,13,2,0.559,52,13
108,13,3,0.559,52,13
108,13,4,0.559,52,13
108,13,5,0.5311,52,13
108,13,6,0.5311,52,13
108,14,0,0.559,52,13
108,14,1,0.559,52,13
108,14,2,0.559,52,13
108,14,3,0.559,52,13
108,14,4,0.559,52,13
108,14,5,0.5311,52,13
108,14,6,0.5311,52,13
108,15,0,0.559,52,13
108,15,1,0.559,52,13
108,15,2,0.559,52,13
108,15,3,0.559,52,13
108,15,4,0.559,52,13
108,15,5,0.5311,52,13
108,15,6,0.5311,52,13
108,16,0,0.559,52,13
108,16,1,0.559,52,13
108,16,2,0.559,52,13
108,16,3,0.559,52,13
108,16,4,0.559,52,13
108,16,5,0.5311,52,13
108,16,6,0.5311,52,13
108,17,0,0.6708,52,13
108,17,1,0.6708,52,13
108,17,2,0.6708,52,13
108,17,3,0.6708,52,13
108,17,4,0.6708,52,13
108,17,5,0.6373,52,13
108,17,6,0.6373,52,13
108,18,0,0.8385,52,13
108,18,1,0.8385,52,13
108,18,2,0.8385,52,13
108,18,3,0.8385,52,13
108,18,4,0.8385,52,13
108,18,5,0.7966,52,13
108,18,6,0.7966,52,13
108,19,0,0.8385,52,13
108,19,1,0.8385,52,13
108,19,2,0.8385,52,13
108,19,3,0.8385,52,13
108,19,4,0.8385,52,13
108,19,5,0.7966,52,13
108,19,6,0.7966,52,13
108,20,0,0.7267,52,13
108,20,1,0.7267,52,13
108,20,2,0.7267,52,13
108,20,3,0.7267,52,13
108,20,4,0.7267,52,13
108,20,5,0.6904,52,13
108,20,6,0.6904,52,13
108,21,0,0.559,52,13
108,21,1,0.559,52,13
108,21,2,0.559,52,13
108,21,3,0.559,52,13
108,21,4,0.559,52,13
108,21,5,0.5311,52,13
108,21,6,0.5311,52,13
108,22,0,0.559,52,13
108,22,1,0.559,52,13
108,22,2,0.559,52,13
108,22,3,0.559,52,13
108,22,4,0.559,52,13
108,22,5,0.5311,52,13
108,22,6,0.5311,52,13
108,23,0,0.559,52,13
108,23,1,0.559,52,13
108,23,2,0.559,52,13
108,23,3,0.559,52,13
108,23,4,0.559,52,13
108,23,5,0.5311,52,13
108,23,6,0.5311,52,13
ca_0,0,0,0.5524,53,74
ca_0,0,1,0.5524,53,74
ca_0,0,2,0.5524,53,74
ca_0,0,3,0.5524,53,74
ca_0,0,4,0.5524,53,74
ca_0,0,5,0.5248,53,74
ca_0,0,6,0.5248,53,74
ca_0,1,0,0.5524,53,74
ca_0,1,1,0.5524,53,74
ca_0,1,2,0.5524,53,74
ca_0,1,3,0.5524,53,74
ca_0,1,4,0.5524,53,74
ca_0,1,5,0.5248,53,74
ca_0,1,6,0.5248,53,74
ca_0,2,0,0.5524,53,74
ca_0,2,1,0.5524,53,74
ca_0,2,2,0.5524,53,74
ca_0,2,3,0.5524,53,74
ca_0,2,4,0.5524,53,74
ca_0,2,5,0.5248,53,74
ca_0,2,6,0.5248,53,74
ca_0,3,0,0.5524,53,74
ca_0,3,1,0.5524,53,74
ca_0,3,2,0.5524,53,74
ca_0,3,3,0.5524,53,74
ca_0,3,4,0.5524,53,74
ca_0,3,5,0.5248,53,74
ca_0,3,6,0.5248,53,74
ca_0,4,0,0.5524,53,74
ca_0,4,1,0.5524,53,74
ca_0,4,2,0.5524,53,74
ca_0,4,3,0.5524,53,74
ca_0,4,4,0.5524,53,74
ca_0,4,5,0.5248,53,74
ca_0,4,6,0.5248,53,74
ca_0,5,0,0.5524,53,74
ca_0,5,1,0.5524,53,74
ca_0,5,2,0.5524,53,74
ca_0,5,3,0.5524,53,74
ca_0,5,4,0.5524,53,74
ca_0,5,5,0.5248,53,74
ca_0,5,6,0.5248,53,74
ca_0,6,0,0.5524,53,74
ca_0,6,1,0.5524,53,74
ca_0,6,2,0.5524,53,74
ca_0,6,3,0.5524,53,74
ca_0,6,4,0.5524,53,74
ca_0,6,5,0.5248,53,74
ca_0,6,6,0.5248,53,74
ca_0,7,0,0.7181,53,74
ca_0,7,1,0.7181,53,74
ca_0,7,2,0.7181,53,74
ca_0,7,3,0.7181,53,74
ca_0,7,4,0.7181,53,74
ca_0,7,5,0.6822,53,74
ca_0,7,6,0.6822,53,74
ca_0,8,0,0.8286,53,74
ca_0,8,1,0.8286,53,74
ca_0,8,2,0.8286,53,74
ca_0,8,3,0.8286,53,74
ca_0,8,4,0.8286,53,74
ca_0,8,5,0.7872,53,74
ca_0,8,6,0.7872,53,74
ca_0,9,0,0.8286,53,74
ca_0,9,1,0.8286,53,74
ca_0,9,2,0.8286,53,74
ca_0,9,3,0.8286,53,74
ca_0,9,4,0.8286,53,74
ca_0,9,5,0.7872,53,74
ca_0,9,6,0.7872,53,74
ca_0,10,0,0.6629,53,74
ca_0,10,1,0.6629,53,74
ca_0,10,2,0.6629,53,74
ca_0,10,3,0.6629,53,74
ca_0,10,4,0.6629,53,74
ca_0,10,5,0.6297,53,74
ca_0,10,6,0.6297,53,74
ca_0,11,0,0.5524,53,74
ca_0,11,1,0.5524,53,74
ca_0,11,2,0.5524,53,74
ca_0,11,3,0.5524,53,74
ca_0,11,4,0.5524,53,74
ca_0,11,5,0.5248,53,74
ca_0,11,6,0.5248,53,74
ca_0,12,0,0.5524,53,74
ca_0,12,1,0.5524,53,74
ca_0,12,2,0.5524,53,74
ca_0,12,3,0.5524,53,74
ca_0,12,4,0.5524,53,74
ca_0,12,5,0.5248,53,74
ca_0,12,6,0.5248,53,74
ca_0,13,0,0.5524,53,74
ca_0,13,1,0.5524,53,74
ca_0,13,2,0.5524,53,74
ca_0,13,3,0.5524,53,74
ca_0,13,4,0.5524,53,74
ca_0,13,5,0.5248,53,74
ca_0,13,6,0.5248,53,74
ca_0,14,0,0.5524,53,74
ca_0,14,1,0.5524,53,74
ca_0,14,2,0.5524,53,74
ca_0,14,3,0.5524,53,74
ca_0,14,4,0.5524,53,74
ca_0,14,5,0.5248,53,74
ca_0,14,6,0.5248,53,74
ca_0,15,0,0.5524,53,74
ca_0,15,1,0.5524,53,74
ca_0,15,2,0.5524,53,74
ca_0,15,3,0.5524,53,74
ca_0,15,4,0.5524,53,74
ca_0,15,5,0.5248,53,74
ca_0,15,6,0.5248,53,74
ca_0,16,0,0.5524,53,74
ca_0,16,1,0.5524,53,74
ca_0,16,2,0.5524,53,74
ca_0,16,3,0.5524,53,74
ca_0,16,4,0.5524,53,74
ca_0,16,5,0.5248,53,74
ca_0,16,6,0.5248,53,74
ca_0,17,0,0.6629,53,74
ca_0,17,1,0.6629,53,74
ca_0,17,2,0.6629,53,74
ca_0,17,3,0.6629,53,74
ca_0,17,4,0.6629,53,74
ca_0,17,5,0.6297,53,74
ca_0,17,6,0.6297,53,74
ca_0,18,0,0.8286,53,74
ca_0,18,1,0.8286,53,74
ca_0,18,2,0.8286,53,74
ca_0,18,3,0.8286,53,74
ca_0,18,4,0.8286,53,74
ca_0,18,5,0.7872,53,74
ca_0,18,6,0.7872,53,74
ca_0,19,0,0.8286,53,74
ca_0,19,1,0.8286,53,74
ca_0,19,2,0.8286,53,74
ca_0,19,3,0.8286,53,74
ca_0,19,4,0.8286,53,74
ca_0,19,5,0.7872,53,74
ca_0,19,6,0.7872,53,74
ca_0,20,0,0.7181,53,74
ca_0,20,1,0.7181,53,74
ca_0,20,2,0.7181,53,74
ca_0,20,3,0.7181,53,74
ca_0,20,4,0.7181,53,74
ca_0,20,5,0.6822,53,74
ca_0,20,6,0.6822,53,74
ca_0,21,0,0.5524,53,74
ca_0,21,1,0.5524,53,74
ca_0,21,2,0.5524,53,74
ca_0,21,3,0.5524,53,74
ca_0,21,4,0.5524,53,74
ca_0,21,5,0.5248,53,74
ca_0,21,6,0.5248,53,74
ca_0,22,0,0.5524,53,74
ca_0,22,1,0.5524,53,74
ca_0,22,2,0.5524,53,74
ca_0,22,3,0.5524,53,74
ca_0,22,4,0.5524,53,74
ca_0,22,5,0.5248,53,74
ca_0,22,6,0.5248,53,74
ca_0,23,0,0.5524,53,74
ca_0,23,1,0.5524,53,74
ca_0,23,2,0.5524,53,74
ca_0,23,3,0.5524,53,74
ca_0,23,4,0.5524,53,74
ca_0,23,5,0.5248,53,74
ca_0,23,6,0.5248,53,74
